MSR Company ID,Companies House Number
6943,2679915
6962,4342466
6972,11347007
29562,4933572
29558,10136815
29554,10201446
29557,10201754
29556,10201437
29555,10136400
29561,1588592
29563,1739247
29560,4240392
29559,3975911
22905,3196207
26698,109354
24485,2523354
28442,2404350
28437,114841
28443,2005266
28444,2328559
28445,2328467
28439,1990871
28448,2141078
28438,523376
28449,4165861
28434,4337712
28451,2116519
28441,84167
28436,3979826
28452,2880012
28453,3007939
28435,4402048
6992,444569
22907,2938506
23491,525071
23872,3729804
23873,53237
23876,4271599
23874,434487
23875,6323462
7009,780606
25778,10323613
25795,1485988
25804,8754845
25772,2341058
25808,5529357
25842,FC017301
25815,11423252
25821,2512079
25823,FC020915
25824,5944260
25662,439733
25666,1752680
25692,SL011986
25693,8349443
25686,SC437890
25695,860093
25706,967924
25710,8754830
26704,3887962
26705,3954520
26706,3196204
26707,SC046710
26708,9329025
26710,6717269
26711,3493110
26712,SC220243
26713,SC333105
29412,3086376
26714,4278474
26715,3776034
26716,245626
26717,2999826
26718,SC099884
26719,2817838
26720,434529
26721,3975999
26722,4094249
26723,SC101959
26779,613551
24873,SC069524
24871,SC084807
24872,SC182496
23503,SC007058
24630,2958399
27104,1118580
27105,1835691
27106,827982
24632,2072264
24633,2474912
24631,3236121
26440,1026167
26441,9740322
26439,1929333
26448,6577136
26438,973765
26450,898129
26444,2522321
26442,4559179
26443,7450219
26447,2895722
26445,6817403
26446,OC359978
26437,6991560
26436,2752982
24925,6955416
24926,6955414
23795,3158011
23794,2234535
23796,7108893
7035,61625
7037,6994842
28633,OC403495
28631,OC320725
28625,3018173
28629,OC391234
28626,830271
28632,OC386075
28628,OC384730
28630,9437418
28627,948402
7042,2496869
28391,1420028
28392,9463829
26017,SC119227
24687,2590468
24688,3190056
27326,10627446
7088,4356509
7089,IP26751R
25250,3626135
25248,5959432
25247,4546335
25249,6003756
25246,2609100
7091,6071848
24378,785922
24379,5396147
28621,134409
28622,221104
28619,239762
28615,5203401
28623,9913893
28616,6238103
28614,262254
28613,74974
28620,6201979
28617,2346565
28618,5203113
28624,6665343
7106,RC000060
24973,167542
7108,699547
7112,IP27656R
7121,7444626
24812,2216369
24815,3643789
29694,4458720
29696,4868493
29697,4251948
29693,4251867
29698,4251951
29691,230931
29692,4288292
29695,3509143
22923,4269717
22924,6599902
28394,6372802
28395,187655
28396,2180957
22927,2071658
24817,4355631
24968,4595982
7159,5587269
24374,2654822
24375,1232680
22930,5203226
7199,2786425
26894,4545124
26893,885496
22938,3773684
22939,1644127
22932,195626
22935,4263175
22933,935949
22934,6377532
22936,1715185
22937,2242204
7216,12377248
7232,3719092
22940,677665
27710,5562700
26238,173274
7255,5103813
7265,6134912
7270,3259922
25539,3251167
7271,6337457
22941,4218278
22942,5560211
23471,1001101
7303,6634464
7305,NF003048
7309,7386086
25268,8404271
25267,1914888
24849,2142673
7323,2098720
23539,529964
27192,5562058
27193,9887429
24508,4883589
27190,7821375
27191,10664625
24509,5199937
27194,4409377
24511,7126582
7351,7368912
7358,867944
22950,2258069
22948,2819088
22947,2813369
22949,3905538
25157,1985419
25158,2003539
25155,184628
25156,716672
26001,4236804
25999,2366963
26002,2462479
25611,9213524
7391,RC000555
25990,3458317
22959,1802466
22958,2349713
22955,2016555
22956,2015142
22957,6121251
22954,1629709
25492,3261484
25482,3261587
25485,133884
25484,257815
25483,1961457
25493,SC097299
25494,SC127012
25490,5113733
25488,1999120
25496,2818607
25491,7900320
25495,2862042
25489,5154485
25499,2332529
25486,25088
25497,1990370
25498,2819207
25487,2822184
22961,3951235
23901,3027454
7439,RS007523
26901,7837246
7469,4944719
7476,IP031241
7485,262958
22962,3775284
25320,2328489
23458,4860660
23459,1742404
22965,4551459
24519,NI071100
24520,NI071467
7502,IP30045R
23784,611070
7505,SC424067
22967,3298903
22973,7426985
22968,5265451
22974,5265454
22971,3324496
22972,3324493
22975,SC181811
22976,4320672
22977,4271971
22978,4872028
22979,4872039
22980,4914762
22981,4271973
22982,4271748
22984,7662211
22985,5699544
22983,7662835
22986,5269240
22988,5266811
22987,7662502
22989,4341771
22990,5746068
22991,5266779
22992,5267589
22966,5320993
22969,7427021
25012,5064182
22996,FC033687
22998,9012245
22997,FC035668
22994,7964930
22993,7112363
7513,623420
7514,5016914
7522,IP16324R
7534,267189
25014,2809261
24351,2456711
24352,2880202
24353,1390361
7544,11584480
27066,7525975
25028,571289
7561,RC000769
7577,5749092
25232,3289418
25233,1887872
25234,2763500
28677,2845800
28679,1113112
28680,229341
28682,14259
28683,1503727
28684,2815114
28685,5639234
28686,7272547
28687,9231974
28688,956325
28689,3141245
28681,759657
28690,88695
28691,1656361
28692,499482
28675,9928412
28676,10587192
28693,1772585
7588,10667233
28109,6249799
28112,2937399
28111,10687298
28110,3612207
7604,2234775
25205,1385613
24355,2518546
27556,10432005
27555,10432339
7633,534147
29100,1134945
26808,450103
26811,10289327
26810,6954059
26809,2721627
7661,2447900
28635,9316933
28636,11148531
25045,SC035640
25042,4496566
24994,6150193
24995,6156953
24993,2009040
28660,4830352
28659,5639474
28658,2205323
25124,NI622515
25126,NI622516
25418,SC077607
26386,10487343
26387,2180706
26384,2180728
26385,3816217
26383,9919590
23006,4438273
23007,4099265
27282,2099533
27283,4407754
27284,2624887
27285,2127113
27286,5606089
27287,1157281
27288,873179
27281,1611136
27289,775505
27290,4242676
27292,2651873
27293,1510892
27834,76119
24706,5067237
23009,8311505
23010,8322668
23016,5083313
23014,5117890
23012,1973463
7721,8522771
25057,1160
25056,7938240
25055,471606
25054,1015140
7731,2369724
27303,368236
7736,552847
25630,2993038
25632,3003606
25633,SE000115
25634,4845458
25631,7062171
7741,SP1481RS
25937,7788608
25936,9095029
25939,7160957
25938,7774468
7754,RS008009
27637,2679522
27636,4857418
27639,7652466
27638,9709443
26609,2940032
26611,3327905
26610,3084750
7765,IP26417R
7767,RS007520
23023,95489
23022,5370076
24180,9188364
24181,6588344
24179,3752300
24874,4916876
28373,3498958
28371,298945
28374,641258
23024,SC340268
23025,SC513441
7802,51456
24478,3238147
26457,9855219
7823,10704997
24503,3912436
24504,10225666
24502,5000115
24505,6280106
7831,4601112
7835,4016409
29293,10033268
28188,10318161
28192,9470432
28193,1558277
28179,9878348
28180,9864727
28182,5111937
28183,3845298
28184,1457298
28186,4403730
28185,5681203
28189,3450319
28190,3457145
26202,3985643
26204,912182
26203,9957218
7879,1205298
7882,3857752
7893,8240307
29504,5309561
29501,2690805
29502,6990578
29503,3083611
29500,1443574
24880,6024942
24878,1164588
24879,3773253
29331,3976014
29119,1051137
29329,5645503
7932,5167070
7942,RS007104
24639,6382444
24638,4109761
24640,5656677
7955,478127
7960,5095978
7961,3188157
23030,3965427
26462,OC376281
26461,6894550
26463,8100614
7979,IP10008R
23473,NI022466
7994,SC135015
24661,4396961
23034,5534862
23035,4366411
25321,12397069
25275,5196402
24697,SC404681
24695,2456473
24696,2631783
24261,6455596
24262,NI032809
8025,5561925
23038,318227
23037,3291852
26752,2274227
26753,1235867
23042,2572572
8080,IP031322
23044,1990710
8101,662712
27032,36374
27035,464176
27034,425864
27036,5516177
27033,460473
23048,1360957
23049,8617391
23050,4960792
8109,IP031452
8114,IP29661R
29439,590091
29440,1129195
29441,8484484
29442,8484552
29443,9889233
29444,8484501
29445,8484502
29446,4134994
29447,4134898
29448,779549
29449,5023498
29450,5096461
29451,3968801
29165,1610781
29452,4297122
29453,981337
29456,559021
29459,1364
29460,1508129
29461,837412
29462,2225346
29471,2244299
29464,8764613
29465,9664420
29466,5592117
29472,4414158
29467,SC134205
29468,3390839
29469,9276831
29473,3898391
29474,3900276
29458,344046
29470,4344571
29457,932385
29454,1279315
29475,4414179
29164,2369965
29476,4401303
29478,4130317
29477,4666101
29479,7296112
29480,932386
29483,SC157533
29161,2244297
29481,8629353
29484,2162703
29159,2867478
29485,4414137
29486,SC048729
29167,3642633
29487,4414091
29482,11395485
29489,SC210712
29488,SC114859
29490,SZ000016
29491,1854686
29492,2575316
29493,96471
29494,1878525
29495,2334551
29496,2479238
23053,936467
23055,1884708
23056,6506121
23054,1884228
23057,3767075
8139,2538134
8141,IP19059R
25995,3261510
25994,6682392
25287,3261510
23730,2280926
23729,1893220
27198,2334190
27199,5606609
23732,1188240
23731,4191730
27665,5531656
27664,4494864
27666,8788911
8152,520866
22887,8092808
22886,4585692
23058,8735136
25163,97117
8167,IP27940R
23064,4271358
23063,3242420
23062,5259448
23066,4271510
23065,4271499
23067,4271349
27090,6254182
23061,4271351
27186,4271356
26179,4107553
26181,NI010328
26180,11180471
26178,2668795
8181,2143539
23068,4660974
25603,5614989
24009,2033501
25481,4432262
25476,2422874
25479,3277793
25477,6020283
25478,2829355
25480,1471066
27650,2170458
23069,6847930
24669,8462158
23301,4958135
23072,1506905
23071,1240968
8243,3866129
23082,2295227
23083,1822941
23091,1713578
23100,4659708
23081,144585
23096,2328402
23099,5340682
23093,SC026126
23085,3990677
23084,2818654
23101,232799
23092,1556310
23089,2280592
23090,2555509
23075,3795345
23076,3787587
23097,2328595
28301,2634683
23077,SC176671
23086,3142135
23080,123665
23078,SC190288
23079,1673542
28300,2032602
23074,SC183051
23087,2272113
23088,2065401
23095,131237
23098,5599788
23106,SC123321
8263,4521257
8265,IP20558R
8270,943228
24438,2594313
8276,2445665
27723,7063508
27724,7139044
8284,RC000639
23108,6398227
27874,5199936
27873,5199935
8307,2436644
23109,3830643
25131,6034603
23110,5819262
27837,2970609
8332,1957631
26549,8820005
25198,2338675
25199,3914810
23111,2932635
25181,131429
8353,2394161
23113,1633985
23112,SC215164
23114,560225
8361,2839815
26471,3938288
26488,2405490
26472,9655526
26466,7301961
25065,2830644
24575,2263856
23116,29140
8370,1105991
8372,1987495
8379,7623917
8387,3092244
8390,SC173542
23118,2461639
24881,3124253
23122,3124253
25168,4917671
25167,6484720
23126,883131
24674,2585759
23124,3377234
24675,7876913
24676,3709317
24677,6256563
24678,3765422
23125,2127283
8414,2158780
23128,7087850
23127,7557877
8419,IP12752R
29434,2844851
29430,3802001
29432,1471587
29431,6844137
8433,7741148
8439,RS007737
8450,AC000062
24387,3089948
24385,5188850
24389,2839202
24386,1651212
24388,3247652
23133,2471568
25284,2366923
25283,2366985
25282,2366894
25285,3600574
25322,7186923
26258,2997024
8477,5441967
25256,5834831
25204,3050297
24362,6037428
24361,5009019
8495,IP030443
24499,3797747
24500,2414212
23152,750847
23151,5391240
23179,1532141
23163,320535
29334,5034264
29342,11696852
29336,10780537
29338,11694985
29339,11696837
23143,4977339
23174,SC223219
23182,SC095569
25650,5391240
23195,7140891
8533,SC652204
25466,5360864
25472,49722
25468,10657088
25469,10659741
25470,6505376
25471,4087659
25464,9706728
25467,11536739
25473,3723386
25474,6427503
25465,6067505
24373,2009520
23201,OC355161
27635,6952311
23200,1855020
24663,2108635
8544,IP031192
28695,10886978
25549,2697807
8555,7447221
8559,IP23240R
8568,2814031
23206,7458632
24305,9237639
24306,9237645
24307,9237643
24308,8114550
24309,2433585
24310,242686
24312,8283222
24313,8283186
24314,7739397
24315,835139
24316,1047315
24317,FC031402
24318,4310159
24319,6944229
24320,2337959
24321,9416736
24322,6982415
24324,6990358
24323,8270754
24325,6876960
8574,291646
23209,1491158
23210,5540444
8579,2634737
8584,3458056
23212,1161045
24614,8993483
24615,1169587
23217,2709753
23218,728246
24616,2559027
24617,1952517
23214,8993483
23215,1169587
23216,413886
23219,2559027
23220,1952517
24568,4656315
24335,FC021720
24340,FC011713
29668,4976608
29664,4170018
29665,1673907
29666,813564
29667,3114981
24976,7274217
24975,7570982
24660,10868707
8621,5922379
28752,1182689
28754,1203345
28757,6252702
28755,4099208
28756,4100612
28751,4108747
28753,3702606
28571,224814
28570,301044
8635,RC000524
23224,2605138
25096,3045309
23225,1928053
28723,401589
24343,1392762
25623,3766242
25913,8871766
23227,2490566
23229,2502865
23228,305275
24831,3425262
24835,5139966
24828,8778032
24830,FC025276
24832,FC009816
8683,2835230
26635,2139881
23236,2452185
24445,995939
24448,3647343
27164,3820604
23239,7516498
23243,5441840
23242,84638
8746,RS007945
8761,IP20165R
23246,2964844
23247,2366942
8769,9325413
27780,IP29999R
27777,IP26715R
27779,5671209
8787,7665897
28703,8811254
24480,6608316
28696,6723244
28698,3141243
28697,1026007
28701,2877398
28702,8807923
28700,5782908
28704,6366483
28705,9920361
28715,4248952
28718,10553056
28716,4573558
28717,3294124
28699,1046906
28706,6993636
28708,4594558
28710,SC210361
28709,3115179
28712,2855151
28714,5735294
28711,5747539
28713,SC305856
28610,2838541
24384,3591572
8816,RS007536
23249,3758696
23248,5323396
23251,1456375
23252,3898563
8823,282555
23254,1692549
29581,9251181
29584,635030
29578,2912662
29579,3657463
23255,3163230
27781,9989436
23259,5086793
23257,5291852
23256,3016339
8848,5961514
8849,RC000706
27257,3484933
26744,948470
26745,3552625
23260,4913493
8873,8582168
25545,1073098
26762,4396810
26763,5913159
26764,6731549
28740,2059989
28739,633480
28741,3852763
28738,90776
28734,1967719
28736,2313262
28731,SC212640
28732,5739054
28727,SC210546
28735,FC032036
28730,992726
28728,2313235
28733,1508295
28729,15454
23271,SC273548
23270,SC063080
23268,3109235
23267,5159696
23266,2575585
23265,2331383
23264,SC296737
8908,6046866
25088,1579754
25087,330538
25086,297905
25091,66558
25090,2105370
25085,8197397
25089,453791
23272,210138
24300,1777819
24539,3253948
24541,3280551
24542,3286484
24543,SE000031
24544,1555746
24545,2464270
24538,SC002116
24550,2180206
24549,21487
24546,3884917
24547,1151805
24548,1059606
24551,1973412
24552,2403518
24553,3253947
24554,2403746
24560,475201
24557,6986155
24562,4096141
24563,SC119505
24564,110410
24565,2338540
24566,3078842
24302,3001989
24303,2568507
24301,AC001348
28744,2826955
28745,1982084
28746,151537
28747,678540
28743,2746621
27829,2159897
24342,2670518
23755,9248887
23754,9248888
24686,4421171
24685,93994
26392,1991017
26393,3145133
24607,1083848
25147,892832
25148,9095920
25146,6163437
29605,4894635
29608,142215
29600,5935420
29611,3879279
29633,7162466
29637,8293930
25300,2720809
25301,6953114
8984,12261598
23275,5510758
23277,11864098
23274,1204488
17302,1840419
25104,3610221
23285,1960990
23286,2079932
23287,2006738
24827,2779134
23292,3829851
23293,2993390
23294,631336
23295,1416977
24824,505769
23296,5105798
23297,4779288
24826,479564
24819,1960990
24822,2079932
24821,2006738
24820,2741070
24818,10257786
23288,2741070
23289,1587972
23290,2779134
29276,SC172880
29221,4386277
29222,3845645
29224,4342156
29226,5676743
29227,2615887
29277,SC109608
29278,SC075047
29228,4842802
29279,SC204847
29280,SC242176
29281,SC179707
29229,10183629
29230,4597286
29231,10214132
29282,SC094733
29283,SC147345
29284,SC109198
27463,2135540
27786,2798041
9052,RC000070
24942,563161
27858,5296120
27852,SC259438
23305,5152337
27853,3103451
27854,3016939
27857,3575588
27855,2690210
27856,2685714
25298,1594460
23306,7867411
23307,8188916
24579,539916
28080,4252526
25360,7981676
25377,4007730
25379,9070246
25381,8118341
25382,3522659
25387,3970268
25390,427272
25400,2324094
25367,3902874
25368,4687478
25371,242246
25366,3651678
25407,9868351
25397,10131554
25369,1653016
24795,5129372
24792,1188567
24793,2597050
24796,7322946
9086,5078352
29506,6533110
23310,6579070
23309,6182896
29507,9053086
25408,1786117
27059,1029071
25409,6249930
25410,961843
23311,3477402
25618,7042490
25619,2821207
27788,3337119
23313,2690018
23312,476611
27978,5039068
27979,8597513
27977,OC386939
27980,9615785
27865,5068968
23314,6299508
26412,1947851
26413,5972297
9106,1606776
9112,2280277
24265,SC218813
26344,2065
23320,9914960
23319,6338801
27790,10404374
26012,3148346
25049,9780352
25050,OC368517
25130,232767
24791,1017013
24524,227323
28378,7807959
28379,7807985
28380,9810024
28381,9810040
28377,3200519
28382,6872527
26200,9210818
23330,3430157
26199,5429739
26201,4617367
24846,4080051
24847,2686904
24848,3857130
25145,1584718
26172,178909
26171,1981158
9205,11000864
27803,4839811
23338,1488467
23335,FC036144
23339,2376399
23336,6827629
26815,10694659
25857,2154127
23344,5486832
23343,6328310
23340,5240304
23342,6120521
26977,784278
9259,SC051980
9262,10820498
9266,RC000036
9273,RC000904
9276,SC221180
9281,2761635
9284,CS003138
29073,1396513
24591,7224571
24592,7443319
24589,6222064
24588,2403767
23347,2954685
23348,2943795
27806,SC394519
27808,SC170062
27807,3965289
27805,SC144517
28249,8445563
28250,5731193
23350,3971335
23349,849037
26030,3933527
9319,1985032
26007,559693
27729,9541313
25863,798365
25867,6544291
25865,9541313
25555,4768800
23352,3328661
9351,155302
29138,158447
29139,67842
25354,6279672
23355,3720778
25353,2275771
23354,6279672
23353,2275771
24513,5799376
25446,1009248
25447,2312079
23357,562707
23356,SC204768
23358,SC123684
28151,9519213
28150,9341390
28149,3143108
28152,9351311
23361,4625200
23362,3797518
23364,2599297
23363,1268689
26297,2449259
26296,3468788
9391,7720641
24641,1918744
24642,9193729
26589,6560339
26595,3981392
26593,471941
26594,6560378
23370,2387333
23369,4415196
23371,2717800
23373,4727097
23372,2544711
9409,IP28038R
24868,5190234
23510,2158783
23641,2997052
9470,6186455
23375,3115135
23376,2641728
23378,3153567
23379,OC397281
23380,1378853
23381,1035198
26184,4201632
26185,7004741
26183,3663128
26182,1568060
9477,2286034
25875,4626269
25876,3757517
25877,6857769
25871,1721624
25873,7225175
25872,10837649
25874,2407981
26483,7397586
23382,381159
23383,3230332
28410,6897069
28423,6263309
28428,6967250
28413,2289304
28419,9765012
28405,5245828
28406,5245739
28429,7397446
28427,3267858
28431,9841297
28430,9839927
28411,638891
28417,9216699
28404,5245832
28415,9308423
28409,2421829
28420,773343
28403,8804262
28414,3023493
28408,6334391
28412,2152564
28418,9377862
28416,732602
28421,720588
28424,1707442
28425,2144404
28426,7047642
9492,3816947
23390,768173
23391,198032
23387,4720691
23385,2589171
23386,4638969
23388,NI028398
23389,9907830
23394,1093332
23397,7065104
21686,8774049
23398,7595632
21687,4806503
9513,5830615
25962,5830980
9528,IP00684C
25997,330755
25996,330754
24950,2333074
24952,3566410
24951,3474989
9544,7923665
25613,1535815
25614,2863605
26843,2164993
27452,10651705
27450,3262598
23401,1741892
25983,SC352496
9574,1014213
26271,8647181
9578,21708
28722,5728110
28721,3045421
24482,35161
24483,4521150
23402,5202458
23403,4253528
24869,1933884
23405,SC064691
23406,3359828
25002,2059191
9607,2704072
23412,5095454
23409,5149491
23408,5149493
23411,6766848
23410,7092596
23414,8151473
23413,8151511
9641,2403551
28102,1462441
25558,2677508
27810,11610299
9655,3162310
26336,4325783
26340,1232146
23419,11850349
26337,10307158
23417,9301509
26342,10761929
23416,8240961
27814,7098352
27813,4161529
28106,10801931
23422,7622519
9714,1245534
9722,7807276
23427,9055599
23426,571546
28307,880052
28308,SC076786
28313,3073491
28304,768471
28305,2865840
28312,1993294
28306,3383737
28303,835066
28309,SC099063
28310,2692230
28317,2954615
28315,931166
28316,2310364
28311,735487
23430,3851237
26301,2504054
26307,SC390210
26302,3599380
26303,7591127
26304,5158607
26305,5458214
26308,3554820
26306,4072464
9761,6723149
9767,1364201
27819,10585274
27818,10567033
27817,7591813
24910,781024
25351,FC033281
25349,9458807
25350,9457141
25324,6863307
25352,6767724
25325,8253772
25326,6309906
25328,3704031
25344,6863247
25342,5259503
25345,5259474
25330,6146573
25331,8253782
25333,6357992
25334,6357999
25341,7438584
25348,3976881
25336,4957256
25335,4125302
25338,5708696
25337,4104671
25339,5867292
25346,2997799
25340,7361419
25343,9995266
25323,6287793
25347,10480217
9796,4091100
23495,3001351
23494,1271033
9815,2698321
9820,5171525
9822,FC032824
23440,OC365812
23433,5278995
23434,4617236
23432,5015446
26284,10335604
26282,3826675
23444,1101960
23442,1037913
26283,2567241
23445,2813597
26286,3813263
23443,2567241
23448,5472032
23447,2338401
23446,342778
26232,1826942
23451,2675585
27990,8169523
27989,6770098
27991,6764905
25133,9787749
25136,7410874
27021,OC312644
27019,383032
27020,1562865
27017,1533123
27018,2582000
26826,2294747
27992,721411
27993,1754279
27994,298325
27995,3194496
26579,3477890
26580,629814
23457,690190
23453,1977948
23454,441484
23455,340931
9921,5367067
9929,4882378
9935,5280446
23460,4256648
10052,809238
23752,1547204
25652,9501001
23463,2715846
23462,4120140
23466,7611628
10021,4723022
10023,3017158
27705,OC304797
27703,7170593
27706,OC332174
28148,11686576
10058,3897010
28663,5081707
28664,10445362
28665,7554778
28666,4094368
28667,2078820
28668,4265874
28669,3750670
28670,2423952
10080,IP00488C
28726,LP010210
28725,1087015
28724,1184323
23478,1725853
23474,706764
23479,3053702
23475,9301346
23476,2828572
10157,SP1481RS
10159,4883675
25883,4864216
25884,1919676
25885,4776473
23485,817692
23486,FC002851
10197,7029846
10207,1926828
27997,2360172
27998,6977192
28002,9477058
28000,8417755
27999,9227641
28001,7565512
28003,10776856
27327,8375875
10219,623420
28347,2758955
23492,550634
23493,8473484
10229,IP28844R
10230,2927256
24765,307812
24766,3772746
24767,4339898
24768,4126448
24769,9104675
24770,2274210
24764,862823
24771,936223
23501,10216412
23500,2072365
23499,6459367
27683,2237808
25304,7015689
23507,1291562
23505,425809
23508,2384199
24860,1189115
26813,10486810
27085,9653387
26028,1708613
26025,2577557
26027,8792537
26026,2728518
23509,3875990
23511,2949032
23513,989421
23514,5121836
23512,729671
10303,CE006578
10305,IP27793R
10309,1845919
26196,6489020
10324,5713403
23517,7022432
10332,1191211
28004,4562724
23518,1224375
23520,5659669
24971,2597025
10374,646166
10376,3476850
10377,9003402
10378,4729734
10382,631825
25175,2547805
25174,818889
27787,27173
25276,2874626
25064,7768653
29680,2561341
29681,7276298
29679,7956484
29678,4387886
29682,3641099
10415,749504
10420,IP15210R
10425,349070
10428,4154876
23522,220221
10431,SC102969
23526,714804
23536,2195072
23525,NI004882
23531,NI025262
23528,3410784
23537,4136968
23533,5412648
23534,4604497
23529,SC184583
23532,3379223
23530,4172337
23527,1097144
23535,3050018
23524,680734
26410,2834414
26409,3129113
23543,1798759
23546,2271469
23545,9623556
23544,3911468
23542,SC086995
23541,1075750
23547,4556216
25243,890885
25208,8494131
23548,501712
23550,4270446
23549,6459521
23552,7283798
23551,5313771
26194,1016224
26192,3034745
26193,2208873
26853,2564794
26854,5428762
25191,3744754
26856,6600609
26861,5438319
26857,1922327
26858,3033245
26852,2379479
26862,5360868
26859,2995531
26860,2507588
25190,2578069
26863,4932529
25194,889628
25193,8538422
23554,3245648
23555,11716620
23556,4047194
23557,3226910
24884,2505731
23571,301199
24882,2053619
24891,3385466
23569,2256383
23574,SC148574
23572,986754
23573,SC053223
10485,IP18077R
26604,1118740
27277,6704581
25237,6997417
26780,5289257
26332,2454226
26333,3364828
23575,2454226
23577,10261433
23576,2645354
10511,1485997
24659,3299599
25987,2945014
10530,5303822
28026,9015536
23596,4813767
23593,295579
23592,322817
23598,4447940
23599,4861074
23600,1174004
23601,6450140
23595,5576327
23606,660066
25003,3015758
23612,414844
23613,3015758
10564,371501
23616,5501886
23614,4992387
23617,2625814
23615,1529849
10570,NF004140
10786,SC301188
10578,6885462
10579,9129964
23633,1349209
23635,4125393
10602,2443911
22856,3918013
23639,5912556
23642,3410466
23643,6761385
23644,6860712
23649,8019627
23650,6006369
23651,3705715
23647,6006363
23648,6006362
23646,FC030007
23656,6613927
23654,6301718
23661,6928362
23660,4397729
23659,2629492
23658,7882982
23662,3368205
29538,5176687
23663,6452616
23667,750143
24844,6540994
23669,FC033166
23674,8291668
23676,5355195
23675,3725732
23681,6777781
23678,820730
23677,182037
23679,1977325
23680,1980596
23685,6007150
23687,SC001771
23688,AC001084
23692,2200260
28044,2683906
28035,1764882
28042,6867999
28043,7430139
28041,4109544
28036,4473447
28037,2623171
28038,4644289
28040,4129894
28039,4644298
23694,1728563
23695,3683351
10706,RS007448
26885,915843
23698,AC001835
23702,2968384
23699,1815126
23703,3087772
23700,SE000103
23701,FC033574
23697,SE000080
23706,4004640
23704,5137980
23709,12257529
23707,7462412
23711,8634130
23713,12040464
23705,411573
23708,363411
28775,656457
24437,2182671
23722,688522
23725,841865
23724,372215
23716,1674180
23719,3532045
23723,1371688
23721,1103530
23720,1346797
25092,1410463
26456,1687068
26455,564656
23728,3997679
25236,6534112
23733,4097913
23735,3061637
23734,581742
27565,3589112
27567,11590604
27588,FC032827
27569,10332225
27589,FC032828
27590,FC032829
27591,FC032832
27570,10233941
27596,FC033297
27571,7781896
24938,5660209
27572,8233451
27604,FC032873
27597,FC033194
27573,9162755
27598,FC032885
27592,FC032830
27574,7672804
27593,FC032826
27566,10233912
27575,7086877
27576,7639401
27577,8107505
27599,FC033628
24937,5287330
27578,5064884
27601,FC033196
27579,10963759
27580,10588526
27581,10773467
27582,10919188
27583,8107466
23744,FC030876
23749,3114476
10770,6298947
25195,220175
10776,550457
10788,11220957
23756,526209
23760,2288928
23764,2821239
23761,4503052
23762,4897067
23765,6706019
23763,5373988
23768,6133312
25141,44687
25143,1556886
25142,4316333
25144,2158996
23778,218826
23777,935048
23780,5480340
23781,3200696
23782,3337831
10823,4474904
23788,3728660
23793,10940016
23792,2191319
23790,3004480
23791,5683548
23800,2559097
23802,SC324445
23799,SC033862
23809,SC184082
23811,SC150493
23803,SC162868
23798,SC355383
23805,SC046564
23807,SC153019
23806,SC285894
23808,SC305524
23810,SC274559
23812,SC273189
23813,5363841
23814,2742648
10867,12239270
23815,1509033
25101,6527539
26256,282243
23823,2096375
23820,4056042
23819,528867
23821,2072001
10890,1295174
10901,3798374
23824,278994
23827,4257385
23825,10723690
23826,1992573
10911,IP030444
23832,IP29264R
23834,IP20876R
23833,IP27556R
10913,FC025871
23840,1846866
23849,7880736
10930,12132713
23851,RS008209
29113,4683865
29346,5129454
29114,SC245145
23853,2802862
23852,5395024
25934,9877160
25933,1071033
23855,9037039
25935,3419143
25228,3722571
25224,4833947
25227,2068221
25223,2861185
23861,SC211594
24295,543016
10948,574816
25503,694011
25502,2864233
25501,4770072
25506,310358
26188,1419
26343,5460862
10956,523335
23865,2928205
23869,4163451
23870,4614761
27759,9546041
27756,8926755
23879,2172239
16685,5226380
23887,7832417
23886,2459095
23892,709093
23891,1298663
25306,4156002
16729,1825301
16733,8616013
26190,9091930
26191,8117656
25357,4022422
23904,2974193
23905,6634078
23902,SC037270
23903,6634081
23908,6735743
23907,6578472
27003,8659784
26989,SC292720
27026,SC204755
27001,2667945
26994,SC173714
26988,SC209759
26986,SC229295
26987,SC129734
26995,SC440332
26998,1270073
16801,1006420
23915,5770083
23914,5719973
16830,2387700
23918,4874211
23928,9225514
23927,1050265
16858,3320972
23930,6395296
23937,3770950
23933,CE012694
16871,2520413
28084,10636498
26312,4041477
24947,189434
28066,832447
28067,2395270
23938,2480021
23940,8856837
23944,4360367
23946,2710095
23948,1024575
23947,40754
23951,3551636
23952,8613300
23953,7140962
23954,10353705
16941,129755
16950,6893564
16951,1542173
28155,2245562
28154,824611
28156,3217775
23959,OC309844
16972,505212
16973,2565033
16975,7472736
16978,7617529
28200,3218090
28201,3353201
23962,2263951
17012,8971493
28261,7972511
23968,3568682
23969,10290854
23970,10291844
23975,2709932
23974,2586852
23977,687406
23976,2503062
23973,506057
17050,620104
23985,4796268
23986,4796282
23987,2483161
23981,1061863
23982,2307374
23990,3678507
23984,3093642
23991,2901437
23989,NI029801
25058,3389978
23983,1010787
17087,2942924
27765,3438113
27764,3392357
25013,9176052
17109,7151159
23995,1599830
17132,5534340
24001,3086829
23998,3507189
24000,1446451
23997,10666039
23999,2431300
17145,2178424
17154,2037088
17156,3505757
24005,3174031
24006,7476923
24007,9867110
17186,4010379
29690,2100399
24013,6044157
17216,2228587
24016,1397939
24021,4073122
24017,4086645
24019,5626656
24018,4795080
24020,3970262
17228,4250126
25583,2702785
24023,1024018
24024,SC152342
24027,4173402
28299,10155668
28296,2999903
28295,270442
28297,3338184
28294,2070346
28298,2447926
28293,3347095
17283,3743283
24028,2202362
17295,1787329
24030,542141
25048,3053545
24031,2838963
24032,4289972
24070,4689011
24071,5210198
24069,9291740
17325,8317077
24072,8807833
26197,3211003
17345,2482190
27224,6437845
27225,1350593
27226,4294425
27227,3835267
27228,4684092
27229,4114756
27231,965702
27232,976731
27233,3467939
27234,2372255
27235,700225
27236,4914878
27237,1759120
27238,566118
27239,1076936
27240,3471656
27241,4294416
27242,4338775
27243,4012370
27244,425090
27245,2393041
27246,1412258
27247,864474
27248,3125253
27249,3125249
17355,4347937
24084,862925
17380,2881068
17383,1962583
24989,248875
17406,2436777
17410,2083209
24088,3220373
24091,8021810
24090,5009928
17418,4662007
24094,7737521
24093,7737430
24095,9903246
24097,3073596
24100,3105571
24096,2450463
24101,3190837
17436,3319291
24107,558629
24108,1572222
17442,3234512
17453,RS007726
24110,7037852
25511,11204379
24113,8300453
28078,10451963
24116,3683670
24115,NI045980
17490,2078379
17493,2747223
24118,3886111
24119,1514084
17508,8878185
24121,2475901
24122,5524536
17513,2379280
24124,3585216
26173,388251
24128,1388275
24127,1493111
26174,5168197
17528,3662832
24129,5830727
24130,2321779
24132,2665815
24131,2043705
24133,1266292
24135,2575743
24134,398803
24139,9777893
24138,4017610
24142,OC317172
29437,5247149
24143,974108
17578,8971500
17584,7585003
27824,1972767
24144,10672501
17596,1857310
25254,3137553
25255,7076018
24146,545646
28243,817560
17612,RC000074
26899,7805321
17613,8225808
24151,5383376
24150,2405637
24154,1604642
24152,3044694
17644,1528784
24157,2850465
24159,1179461
24163,1338172
24164,1315595
24162,967953
24167,3049880
24168,2415166
24169,1754328
24170,SC087174
24175,FC034022
24174,260559
17710,3861209
17730,7703890
17732,3629676
26553,5869204
26551,3926063
26552,3663042
25047,5897457
25608,3456326
17753,1506905
17757,3937073
24184,3357288
24183,4192823
24185,6382377
17782,1675552
24190,6838321
24192,294545
24191,7467836
17825,4045308
24205,2189414
24210,9892309
24211,2192424
24209,3327423
24212,4342974
26198,4082763
17879,124201
24215,4570027
17908,1359451
24569,547743
28093,1698059
24218,46572
28146,4534247
24219,3075807
17976,SC089706
24294,3576009
25112,SC378345
24222,3902727
17994,IP031573
26827,425579
27101,10283904
18011,1683840
29083,2624121
22903,6902763
29077,4091368
29084,4720855
29080,3908537
29081,7541017
22899,4672894
22896,850195
22900,2065041
22898,3248183
29090,7422800
22897,2678367
22901,8098981
24228,6498960
24229,3226252
25257,2039210
18049,547564
25082,4977601
25079,5160931
25081,5104407
25078,5104408
24231,6230216
26878,3399532
26879,1923903
24234,5947361
24235,2354268
24236,1984976
25454,2605399
25455,5276431
26906,OC337146
28090,11054298
25927,FC024187
25928,8508685
25929,4579008
25930,7306335
24240,7289364
24241,3013082
24243,4166155
28069,364651
28068,9437315
24247,2532854
18226,699050
24251,5732689
24250,3135892
24249,4031849
18250,1487359
28160,SC108599
24252,3106982
24254,7741572
24255,11583120
24253,3508252
18315,3073089
18322,61274
24258,1887613
24939,3377314
18332,2925718
18345,947968
24267,4943684
18352,RS007826
25201,RS007825
25202,RS007824
24269,RS007825
24271,6786658
24289,7685825
24290,5410792
24275,2285556
24285,1422772
24283,4179797
24282,436830
24279,2033149
24286,320739
24281,6277161
24278,5083373
24287,1336570
24288,568662
24276,2636007
24280,4179785
24274,166771
24297,4567486
24298,SC234218
24296,1827612
24346,4996702
24345,1591116
18462,2285286
18463,703509
24358,75035
18482,RC000900
24365,515058
29570,1645348
29567,8026375
24371,7674830
24372,3271621
18504,1806414
18505,10661826
24382,6366267
24394,8605269
29498,4582779
24392,3883536
24391,8249813
24390,9326439
24401,7737522
24402,6630443
24403,7350538
24400,2189858
24408,3037228
24410,6504654
24407,4390228
24405,2004022
24409,3506681
24406,4327651
24423,1636704
24417,2022667
24418,2655166
24420,1171833
24416,2660917
29660,SC568616
24421,6331127
24419,3190237
29661,SC195080
24414,4045527
24422,SC302773
28159,9548683
24427,9547863
18552,4787944
24893,2087658
24430,455692
24434,521942
24432,1522607
24435,8217519
24431,389400
24429,492098
24436,8712635
29393,933578
28114,10608481
28116,LP014928
28115,7514847
24441,4875877
24440,3200051
24443,7118269
18588,6772997
24456,6712051
24455,70234
24454,2590623
24453,4137419
18613,1053351
24470,1627319
24468,1632717
24471,4330421
27074,4438080
25238,4102431
18685,1173149
26607,SC054745
24506,SC334329
18715,6967283
24525,1567551
24527,6731125
24526,2521128
24528,1192572
18757,SP2059RS
27056,8780031
18772,5473745
24571,2700375
24573,6560383
24582,7735953
24581,4845098
24601,3136801
27627,6637741
24627,2027229
29385,3550830
29371,2876353
25098,3309925
24637,2264161
24636,6029502
24635,2568254
24634,1864469
18864,RC000074
24646,3735629
24644,1073929
24645,3609453
24643,1568894
24649,11490861
24650,3390330
24647,8088493
25893,9386067
25890,4415234
25891,5325358
25892,8705659
25894,4946051
25895,5928737
25896,947098
25960,NC001217
18878,2328679
18887,3695952
18911,1249197
24662,1296650
24666,10304047
24664,10304244
24665,10304278
24667,FC010046
26770,6804340
24673,3302684
24681,3384487
19022,8053212
24691,786151
24690,689950
24699,522856
24701,4722957
24702,1111864
25529,2156457
24700,694464
24705,8645904
24707,NI070243
24709,6211683
24708,NI038715
24713,4230977
24719,6813394
24720,1549768
24715,SC476720
24716,SC099690
24717,SC488376
24718,SC476025
24721,5396081
26334,1672847
26006,2554348
28339,1019715
28338,740767
24729,2756321
25093,R0000173
25554,SC028492
25963,264047
24736,10442778
26326,6699610
24739,3845874
28062,3480035
28060,4760596
28061,SC053259
26230,NI012734
26227,NI013173
26228,NI011916
26226,SC416012
26216,1837492
26220,3097514
26222,6821483
26219,3079284
26221,3574418
26229,NI010842
26217,2696872
24763,NI000727
26218,2832086
26215,813696
26223,7089922
24751,3008457
24752,3097514
24753,6821483
24754,3079284
24756,1140490
24757,655104
24758,2696872
24759,1979805
24760,2832086
24761,813696
24762,7089922
21030,RC000484
21031,424348
24802,9424085
21054,1714937
21058,2365572
24852,2544294
24859,7946207
21090,592958
24875,984588
24876,6532316
24877,711541
24894,481280
24908,1135456
24909,1284352
24907,SC105684
24914,3512598
24913,3478246
24912,375704
24911,3009353
28145,7138667
28142,2121098
28144,4430059
28141,1704156
28143,989758
24915,1454322
21136,7348231
24920,SC153759
24922,4769115
24923,3417253
24927,2622784
24928,6946004
24929,145197
24930,8675505
24935,3844260
24941,1761700
24956,3234745
24957,4718806
24954,2865198
24955,3405272
24960,6739653
24961,1550410
24962,3565155
24963,4489658
24966,3506401
24965,7000712
24967,7037354
26280,6345373
21208,5171663
21216,5387218
24978,1761640
29571,8338555
29572,1960988
24986,3134596
24990,1577632
25001,3164437
24999,9330983
24998,9330824
25000,9330708
24997,9330549
25010,1386303
25008,7595865
25009,4018989
25024,6005330
25023,3715960
25022,3696250
25032,11817355
25029,7034450
25030,10280977
25038,1967716
25067,738837
25075,SC387990
25076,RC000348
25084,4968769
25095,9731446
25097,2017289
25103,7556501
25106,4626117
25107,9410120
25105,2590412
25111,SC302951
21326,4318082
25116,3759033
28672,5234799
28674,1620320
28673,4171960
25120,3918171
25153,8022049
25152,676533
25164,4017673
21352,2416904
25173,253252
25176,7440345
25179,6910929
25177,4293563
25178,6184980
25183,9038673
25182,3576004
21361,1060906
25211,5714740
25212,8457573
25214,6219884
25215,OC304549
25216,5300420
25213,1528617
25219,6241896
25240,8384700
25244,4655574
21408,1133776
25252,3578140
25260,SC355901
25263,1835272
25265,8647525
25266,4217916
25269,5824873
28254,7987016
28253,2273501
28252,1537952
27675,2385838
27676,6015523
25279,7475530
25281,3449214
25289,9513577
25288,2124920
25294,6472422
25292,3658772
25296,3547158
25295,3206364
25293,1753465
25297,3591876
25315,8670410
25316,5804325
25356,3847519
25355,3152676
21619,3663181
25412,882843
25413,1013427
28123,2030900
28122,1985443
28120,3046151
28121,355744
28194,7819492
21735,894054
25419,5202976
27966,2805490
25426,OC397061
21817,91891
25430,429315
25431,6051516
27889,1542002
27844,4260597
27845,1344118
25435,2295212
28157,2329116
26241,10034186
25438,9888577
25445,8695622
25442,1130356
25443,7762973
25444,974791
25450,5802971
25449,5363678
25448,4155659
25453,SC389555
25451,NI028425
25461,1031429
27833,7157888
25510,9976915
25509,8576967
22008,5887477
25520,4791534
25523,7635832
25524,3929905
25522,2761565
25526,7849709
25528,4450542
25527,2143253
28125,9828272
28126,7251790
22883,10278014
25532,5456862
25533,7455714
25534,7455993
25540,5515127
22095,9129964
25546,2787265
25547,8838980
27861,767658
25553,653665
25552,4120259
25551,1635078
25561,2341947
25559,1471442
25564,OC355490
25567,9277952
22151,NI031124
25571,FC027218
25572,7768867
25573,7768879
28212,10535886
22177,1485997
22178,10668193
25574,4179402
25575,6464217
25576,4978580
25577,3703026
25581,1905169
25585,7026662
25586,7516836
25587,3364728
25588,6371746
25590,5234356
25592,5933172
25595,2123483
25593,5051253
25594,3319079
25597,5101877
25599,3730662
25602,4332926
25601,5636081
25600,9366434
25604,2552402
25605,2476677
25607,10044148
25609,4057615
26032,10502918
26033,10502986
26034,10502884
26063,FC032474
26086,1460684
26087,1069620
26092,6137850
26094,2610248
26103,8633249
28170,SC237698
25617,SC129921
28171,SC118709
22230,999927
22279,NI027864
29143,8239236
29297,5960637
22291,491560
29147,5898339
29148,5898287
25879,8486606
25902,5849220
27895,6950075
22355,8067630
25918,9250798
25922,11110455
25923,11110577
25921,2504173
25957,6582550
25976,SC146610
25980,SC208421
25981,5086454
25984,1994340
26003,7689780
26005,9346595
22557,5303822
29508,2484988
26377,8458080
26378,6660473
26243,7299448
22643,RC000749
26253,1209891
26255,2864389
26263,1176188
22673,IP28038R
22679,SC571751
22710,1568433
22727,11820854
26289,10480825
22728,IP00488C
22730,LP012175
26310,1744961
26313,8099285
26318,1614118
26317,403854
26319,2050403
26320,1568581
26322,10072192
22788,SC014361
27863,7161009
27864,7180111
22853,9241494
26351,3829537
26350,5879839
26349,9331218
26347,10812330
26346,10812060
26348,10812511
26358,1496218
26361,5359870
26360,1546198
22875,8130873
27006,3731655
27196,4421085
26390,4031360
26408,SC481196
26403,2853765
26401,1813871
26404,11403284
26415,6993380
26422,109244
26608,2451367
26469,2827969
26554,3542879
26612,SC361642
26494,6763254
26613,2207440
26493,1416163
26618,5027032
26548,10236537
26523,122029
26529,3734966
26537,3001294
26538,5193513
26555,10168687
26556,11197185
26566,3261275
26563,5581711
26564,7349632
26561,8718117
26598,11177145
26634,SC444215
26724,9451261
26703,3688817
24865,1484358
24864,4384134
24863,1890865
24866,8314839
26751,8239135
26758,9503922
26768,7966252
26775,5610559
26774,5603623
26783,1972451
26787,2694333
26796,5942721
26788,2467435
26794,9106081
26795,10558273
26789,10801276
26793,4831976
26791,5590897
26792,5556711
26790,6011822
26806,1146764
26804,2234562
26807,7234185
26824,3033103
26838,3767502
26839,3580726
26842,363223
26867,1982873
26865,2296645
26866,6360791
26870,2152073
26892,8867965
26921,5467321
26922,5238002
26924,10856220
26927,6672251
26929,4895881
26933,SC177703
26923,5015772
26934,2207643
26935,5147388
26942,6246981
26943,SC109682
26944,4902431
26913,1777085
26916,7764727
26915,9555248
26918,3855989
26917,8115343
26947,7403376
26908,1285743
27693,7780672
27023,4765041
26954,4793710
27022,5203435
26952,4528418
26959,8968439
26964,6057965
26965,4336694
27025,7513276
26970,6735338
26992,3153391
26991,6048945
26990,5982897
27037,8632551
27043,SC356625
27041,1111766
27047,2305562
27054,4350294
27069,5914500
27078,SC325560
27079,SC319442
27077,SC301749
27167,9020754
28167,9237813
28168,SC110805
27188,6833184
27108,SC096516
27111,SC067046
27107,SC066568
27130,7068992
27144,5399683
27129,4019801
27127,3264844
27131,4111025
27128,5114385
27139,1865673
27140,2443666
27142,1883565
27212,10780135
27279,717018
27215,4192013
27213,3293456
27150,10240572
27151,6901921
27152,5755025
27145,3619276
27162,2808390
27309,SC033489
27310,2569158
27307,3786009
27308,9022198
27306,11278510
27314,SC142990
27312,4010488
27311,4376463
27171,2853011
27181,3127254
27180,1514749
27183,3629676
27518,53404
27519,346467
27521,2924887
27522,298179
27523,1634814
27524,3672209
27525,9983618
27526,542101
27527,3437277
27528,54806
27529,490897
27530,341841
27531,4528179
27532,5935295
27533,3535821
27534,2317958
27535,3437274
27536,3437197
27211,9697394
27210,3628337
27220,8191619
27256,4030407
28055,4145242
27299,7930434
27276,7930598
27298,7930515
27297,7930508
27296,7930573
27340,5903110
27323,9846430
27339,1921744
27338,8299297
27337,8541574
27333,145516
27334,2089076
27335,3029519
27341,1184194
27373,2921283
27550,11325534
27549,4207931
27623,NI034636
27630,5075056
27671,2125465
27672,9031847
27673,9032106
23263,3929218
23262,4794949
27707,3079342
27702,2069834
27704,3395938
27695,2587124
27698,2808736
27700,4312564
27699,3695450
27697,3127653
27713,7931918
27712,OC371153
27714,3238593
27716,2528254
27769,8532015
27725,8568552
27727,3985023
27953,8781758
27950,8773515
27951,8773993
27954,8782524
27955,8782585
27939,9794513
27940,5002176
27941,8959805
27942,448935
27943,6058025
27944,7399834
27945,8642505
27947,5398960
27949,8501898
27956,10001511
27957,10001423
27948,10253224
27946,7395401
27963,802189
27958,10001460
27959,10001583
27960,10001491
27961,10001397
27962,11034265
27760,SC208370
27761,1410223
27762,SC129741
27751,5510315
27752,3177490
27754,743538
27755,7365585
27745,8484429
27744,7227486
27746,6266322
27743,6337326
27747,8653532
27776,3413759
27774,2509928
27782,4086466
27840,6279734
27839,6279646
27887,8927144
27918,4125880
27933,6852775
27915,7440046
27916,3299891
27902,4408013
27904,7216273
27971,4380026
27970,2854737
27968,4129906
27969,FC029293
27973,5393810
28023,631825
28027,7714059
28028,5153608
28065,5875194
28089,RC000894
28096,SC533191
28097,SC533190
28131,SC301819
28132,SC300656
28133,SC301825
28134,SC277481
28136,3136443
28140,OC353120
28204,9413775
28205,8604812
28266,4943660
28265,4943863
28541,9908608
28569,9908359
28542,9908552
28322,4527558
28323,8367059
28329,OC360196
28352,3475202
28366,412829
28513,10475878
28514,7807754
28516,11138898
28517,8696127
28518,10826268
28519,9942486
28520,7879461
28521,8107628
28522,10167103
28523,10798715
28524,11621192
28525,10821704
28529,4388979
28530,9058828
28528,9703106
28531,10483033
28534,11589062
28533,11123999
28532,10811964
28593,5742973
28590,1150160
28589,509596
28591,446617
28634,6294857
28802,2069720
28801,6088797
28938,9421270
29057,4325755
29059,4402189
29062,7091994
29058,4417301
29054,1077807
29055,1272384
29061,4317400
29052,6647165
29053,5247843
29051,6647161
29050,9346040
29056,1792078
29060,3273649
29070,2274216
29071,1613466
29074,7564749
29076,3548572
24532,IP29695R
24533,7527053
24530,4380728
24531,5775392
24534,9583110
29212,1326880
29294,2858916
29295,4465125
29296,10281783
29300,5978660
29396,SC216807
29397,3480368
29399,2883652
29400,1580862
29401,3305849
29402,3909510
29405,3632214
29407,6883079
29408,7747136
29409,3383537
29414,3119547
29419,1235124
29420,2734823
29422,10172564
29421,7800208
29424,7020443
29423,4996678
29425,11114195
29427,9625186
29428,7116204
29429,3902537
29438,8172688
29544,406516
29547,483582
29548,9796116
29549,9866973
29551,9865105
29550,9866210
29553,9522491
29585,6130156
29586,6126331
29587,6489416
29588,129806
29596,8105082
29627,2997376
29659,8584962
29662,3525529
29663,4294824
29671,165772
29672,RS007746
29673,5852493
29674,OC395514
29675,5713741
29676,2444254
29677,8878264
29689,4096788
32422,FC004124