Modern Slavery Registry ID,Companies House Number
7676,05005018
21062,05429800
22600,08929070
8986,05448411
28119,09411165
27750,SC156515
6883,04530131
6884,01142830
9861,01123045
27952,08781764
22377,07462194
28130,03084570
22104,00580331
17135,00415632
10719,00391135
6917,SC005653
22589,01472970
21749,01445830
18306,00689647
9619,05403001
6922,00485890
26260,05625494
22654,00944763
22024,00799448
10372,05832836
9735,06511662
28138,05585321
6887,00123458
24498,05148845
17312,03551533
8505,05149111
26300,03193203
18478,02151516
9987,04207663
6888,00193800
18821,08475531
16948,00348843
16754,02484251
26766,01071951
26584,00329102
9970,08004972
6891,03509322
8506,08193420
10172,02564490
17130,03926343
9857,07861414
6892,06428369
26424,01082430
6885,00538043
8968,03061379
17350,02134749
6894,09234078
6895,04771037
18837,03463738
6897,04757301
26920,06564281
18008,03959429
8507,02343760
16783,04141140
17785,00137407
10796,04596349
22395,09019496
19021,09932435
18583,07384107
16784,05381786
24948,08424637
21182,03725308
18225,02252821
25273,09330398
26700,03688878
10874,NI622641
9455,06551844
22890,10986364
18039,02593771
6899,03358533
9633,00910010
16686,04231212
25207,OC370074
10453,OC305927
22619,02461547
16752,07903002
8508,07278867
19007,03594984
6903,02732176
26968,01610897
8980,02814431
18806,01307597
25878,08486509
22298,01205530
6905,OC318149
6906,05998337
18097,00593232
16949,04272608
9357,01075951
10484,09091944
8809,09366043
9158,03849958
18794,03097389
6907,05438628
9123,00031114
16908,SC101089
24618,04731426
9440,05965280
18454,02512288
22754,08362565
16838,02867684
6971,04881405
8509,07169369
9736,03341461
17662,09506907
16839,05905651
21253,03033609
17857,02342186
27517,00387352
28376,07984021
9144,03413859
21741,04191976
21225,01129495
8920,00392743
26275,06350087
25305,02101607
26765,03554885
18839,05956141
6914,06632170
6915,03872673
10960,05180470
26267,09805034
22672,09805030
10010,09933767
9427,02546950
21473,08434613
17877,04296141
26567,03872754
6919,03825057
9318,01093301
6920,10640672
9571,06317215
9192,00245717
9166,SC177553
10243,08815891
9787,04327369
27274,07930606
7493,02446884
24367,SC366018
6918,08087453
22350,03687920
26381,00713606
6921,09201991
10176,00877859
18305,02544399
28098,04665011
8807,01486260
10423,06367921
22209,10502763
18840,03245223
26277,08447836
18611,09591093
25415,05188753
21707,00401523
22868,07797907
16954,02525806
17137,01149113
26259,08368496
18841,00550374
17138,09913704
27842,06279650
6926,03009359
6886,00551460
10508,01458245
6927,05246035
21107,02764920
17941,02649656
22248,03279517
21697,SC037896
26846,01113447
17697,02905244
18844,09793309
24620,06955372
10342,03120091
28016,00987418
8511,02378070
23484,00947662
6931,06764335
8871,02321869
18098,SC268016
10940,02073305
26519,05501999
9577,02482325
6932,09608912
21200,00117129
6933,00191031
18989,00900322
18908,03257713
25108,01945874
18846,04560445
18754,09071203
24535,OC359683
22272,03203247
18847,02876353
9453,OC306763
26314,04782818
17780,07546718
9000,05115229
10365,01049760
18190,03430230
26492,00998035
17139,02551144
9167,08601376
9168,04241478
8743,05134436
23241,03947280
6936,00214377
6935,11562065
6937,OC404597
21359,01159685
6938,02814942
6939,00772941
9581,04096157
16955,OC315531
17141,02631112
16761,04316537
10809,NI041551
22434,04192990
17698,03282075
22721,06534480
6940,01952031
18647,05347533
24610,02849400
6942,08462831
21133,08837616
28211,02095101
17142,10706663
8512,03302507
6944,01493087
22893,00154159
6945,01767387
6946,01493003
17144,04225691
9393,01063206
22823,02276684
26330,04040059
8513,00995892
10500,00244159
24067,02023155
17989,07046007
26676,06818708
26533,07191982
9909,02209437
6949,02684652
6950,SC338013
6951,01675285
10621,01833139
9445,04030166
25189,08717850
27072,00958007
25192,00462578
27073,08121168
25187,03612746
10466,04736639
8514,08269137
16698,02354269
28095,SC244104
23912,00345279
8697,06994954
6954,IP030786
21986,02770878
10916,02303706
22894,01229676
28644,FC025334
25239,04247476
21616,01561946
21710,00475853
10896,00874026
24137,00974889
10429,00249879
16615,07443091
23747,03086378
10769,02912655
6957,04233823
6958,10171311
25626,00031801
10121,07376913
22152,03017251
6959,02366656
6960,02540020
9835,03564138
18812,07660429
24816,06726161
6961,SC185769
17512,00248952
21376,08271384
25206,03232852
6963,02246366
17909,01034349
28086,05946260
6964,05744468
9200,04350252
18099,03176761
18849,01088345
6966,01627889
9927,00435323
26489,04050391
25911,07857409
26760,03127195
8900,00210725
6968,05525751
9414,OC303117
8515,02572947
17147,00233851
27897,SC073489
9206,00169249
24895,00173955
9588,00750484
10427,02853595
23488,01483208
18858,09181578
17470,01791158
27120,07105073
27123,07062201
18513,02135425
9593,06517986
16892,07896680
9693,05511334
18280,02090807
18342,07442871
18541,02808311
8517,00983951
8518,08219992
18068,00501259
17404,01954085
24748,01016191
6974,00237511
23630,03021358
9431,01093549
10917,04126997
22313,SC229291
17514,00133804
16841,OC343340
6975,07417126
23885,00567801
16700,02553094
21358,06894533
17148,03987596
21109,01185592
17331,00974319
23913,03874693
17801,05837428
10949,07081161
17405,03768610
24845,01081551
27552,01223191
6977,01642534
16958,02170148
27719,NI627893
21180,05537501
22715,00961440
21207,05887810
27733,09940284
18850,02557590
21415,00207732
6978,SC036386
9460,10608445
9386,08121840
6979,05254001
22904,02487597
10937,07084236
6980,07044474
17984,SC334405
24220,SC075026
6981,00347103
22906,04337645
18150,08649661
9517,OC309628
23399,06263442
28346,02460292
6983,04358875
26423,04250459
23831,04680715
21614,01988106
9518,10671010
21588,01193013
21589,SC108909
18052,08887139
18860,05208596
6985,03295512
9529,RC000800
18937,02597969
6986,01312454
8883,01534653
6987,03923307
25972,06546834
22228,03010158
18770,10332503
24570,05320470
6988,06464301
18823,06522636
9140,09934451
21033,03225768
24801,04530716
6989,07853258
6990,04211094
9294,00464777
9472,02373535
18590,OC342432
21400,02860130
9169,03675683
26897,01807982
22283,00924379
6995,04006623
18227,03491169
22184,03471084
10458,01184193
18499,08291827
23490,07246090
6996,07262042
9682,03923449
10306,05572542
18676,04556471
6997,IP031218
21423,00910858
10688,04202944
9656,09892285
6998,00293262
9306,ZC000195
18827,03589918
27125,02828730
27115,02341082
9028,03264846
6999,09349441
22124,03194090
28030,03148098
17382,03751674
10850,03233106
17929,03375789
8519,02723534
21405,08692930
7002,05739497
27168,06355228
16875,04854351
16891,00960067
25544,01536154
26357,04232289
28354,02868281
17515,00159809
7003,05582639
27728,05572730
10810,08789556
23423,04312380
9211,01958863
10089,04303731
22554,05346727
16636,09085601
22850,00944450
28288,03190720
9019,05199719
27217,08114844
25132,07410878
17134,00949665
9839,02248334
27867,06874019
7008,09439967
25507,03909628
18862,05763636
8828,04042711
17516,08114978
25140,01535640
22911,00947962
10215,06655110
7010,02937296
10595,08332997
28647,OC334944
8941,02468686
22692,02412510
22444,02468436
16936,00592235
21813,NI015099
24682,FC035602
8742,00032965
28340,03450573
17701,01235639
17140,01710361
24002,FC030280
23327,00078950
24117,03601496
17497,01431068
9133,02937724
7014,04407184
7015,01888801
18247,01991637
10483,SC240346
24123,04381177
17517,00934139
7016,09115901
22917,02792998
24749,04153656
26435,04635359
16642,03256076
18132,01357507
7018,02342138
21617,00976405
7019,00366786
17633,00752082
18101,01356186
8942,01470151
18553,10090890
10609,OC380135
8316,06755436
17852,03852238
22617,08802727
22918,00101073
7023,00395826
7024,03067227
28137,SC277480
22701,06932822
25272,02379469
8731,03311781
8853,00305189
21369,02907123
7027,07333101
18852,04126826
10183,00640370
10185,06193060
17437,FC002851
10169,05897786
23316,SC327000
18475,02267400
24370,03287770
18503,09618868
7030,00607575
21307,07406019
16702,06410772
18336,02792285
7031,00048839
21239,00939600
10084,00987562
7032,00800556
24924,08278065
23888,04295450
16703,02383478
23421,02915887
9694,03005774
7034,08406011
26539,01784638
26536,00137393
10857,01359667
25221,04948659
7036,OC307678
17899,07986991
25460,00785952
21938,03360908
7038,00604574
10691,02755663
7039,SC057208
27157,02860574
21651,00814563
17518,00543755
16961,01622226
25059,03828478
21285,09095649
7040,05073551
7041,07087004
9057,00667980
27141,11008136
10903,01176085
7043,00143720
7044,03879156
7045,00461365
9417,SC023572
17344,01389887
8326,09553573
21315,05492886
7046,00053688
7047,04463546
23958,OC355051
10725,09019615
27189,09816021
26840,02741673
10586,02478838
7048,OC404426
27809,OC320798
10598,OC305127
23384,03120968
25203,00641365
10887,OC310010
18403,01269127
26029,09682290
25525,06427672
16786,00321773
7053,03295160
8909,09763575
25251,04538873
10355,10355552
10489,02257171
26451,08155088
17407,00852702
17408,07677599
9583,06970038
7054,01569085
21412,02160382
8791,05120043
9077,00468710
27886,09055669
22645,02415578
18659,NI027630
7056,04416650
10277,10061567
25512,SC114142
21987,SC190648
23334,00670176
9171,01372603
17704,02442568
18252,00494648
10944,00886813
18070,04172275
21201,04115910
18820,00911656
17106,00992897
21469,02566980
7060,05172586
10588,06773428
28246,02190816
21680,10036286
17409,10373137
16842,04548803
17703,05490962
7061,01719714
18871,OC340981
25958,02995501
17824,09200786
26771,06849888
27901,06882734
21147,02600534
22633,01392861
16857,09225479
9852,01207120
7064,00500829
7065,OC309219
10347,01703444
26638,02585370
7066,00239718
18571,10657226
9701,02593690
28324,08812082
22746,05917314
27868,08604368
9390,03805401
9374,03530461
16963,00034121
16964,02218928
22688,04227047
7070,OC344553
9031,10336040
7071,03625199
17670,SC054207
27783,02129857
8522,05508774
22696,01061914
26482,07343036
9546,RC000707
7072,OC340318
23223,00343496
24204,02782836
17840,OC317545
7073,02078273
21294,00112155
23893,00690594
8741,00929686
28245,03284109
22921,04229385
7069,01445905
9503,02777575
26825,10980808
18308,03163649
16749,04357450
28643,01112362
17481,04632083
22708,SC224310
9859,01876267
24155,06755147
17637,07632025
7076,OC392078
24442,04782459
18412,03259020
22507,08934023
22508,09019569
18748,08045123
21474,01984336
9553,02162561
24354,00641659
9563,OC370085
23094,SC019039
25053,03196199
22689,08773116
8785,00931954
21449,09097152
27319,02738187
26642,09759493
26647,04260035
7077,SC343843
28505,07807506
26270,08035563
22682,01037515
24940,04090249
7079,01927903
9315,03102371
23696,01479949
10714,03121899
7080,01887373
18741,03950868
8912,01288537
18740,01378137
7081,04176965
18874,02138268
7082,04380953
10231,00337663
9456,00519057
8745,01284170
25964,02592524
17159,00711858
23281,08186759
9014,04355070
7083,10325017
9797,04554680
22047,01560396
9109,09862744
9110,02235994
18800,01273558
22358,00472968
9504,03558065
25440,05597459
10486,01520021
7085,01187672
10876,00745328
16967,01702024
17880,00068328
7086,OC359103
22373,02771869
7087,08098450
17917,02237800
22555,04468200
17102,01530086
8976,03460378
17705,00707875
9093,00306718
18785,00189717
18863,00701982
26406,05335775
7090,01245304
9145,00102498
21782,01815263
9653,01223575
10077,03899736
17351,06772181
26640,SC299361
26639,SC048793
7094,03719708
10100,02035315
23477,NI066355
10013,06973007
17519,08729615
17161,02340157
10599,02889789
18579,05699494
27221,02754921
17163,01352705
16968,07570780
7096,02704081
24073,00753976
17332,04347292
7097,05777067
10767,OC302636
23743,04457655
8526,02685806
17639,00782931
17385,07865033
7098,SC015274
16762,02454034
27267,01040790
26544,09668501
9480,09248803
7099,00416671
28147,04403402
16624,04342869
7613,03541311
9441,SC051566
18495,05895588
7101,08211695
9324,06088326
7102,06250176
24377,06073794
27058,05941335
10840,04322798
18993,08401611
21438,02024271
8760,SC296104
26948,01505901
22202,00959654
17706,07749331
18307,01318148
16803,02078692
22210,07582710
18469,10062541
7103,03393503
17521,02641767
24698,00251237
27557,07671099
9419,02662226
18384,04143955
23428,03234500
26784,00551102
17522,OC358808
22653,02966384
10363,01557088
17803,07467954
17889,02463833
7104,00760728
28153,03121594
7105,03407696
9829,01047302
21383,00430208
9428,RC000057
10167,08616013
17164,09299724
7107,07159707
17352,03078711
7109,00109030
8767,00008848
22594,01228157
17482,09438207
18013,00315158
9023,00432511
16969,08821629
8527,05604923
26279,00517211
21075,02366959
9770,00859081
18196,05418411
18145,06164695
7113,SO300334
10583,02906084
18128,IP29996R
17708,06815987
10718,01644146
9969,03128631
7114,00459637
25119,05234802
18151,01888853
9228,00029301
17990,02885270
27720,00686405
16970,01438525
18953,OC306448
7115,04129810
17412,03491731
7117,RC000079
16813,00111849
23916,00589650
7062,OC315919
26395,FC032927
7118,02099201
22540,01844007
26898,07864997
8528,04085346
9413,SC108926
7119,04405796
16843,03974944
16971,02980487
7122,02670500
7120,04190816
7123,02181671
16917,01577251
17640,04287341
16962,02207415
26411,01603021
18346,07400400
7125,06924413
9385,SC085664
9159,00358948
18152,03690496
23284,04122364
23291,03956433
7127,03458224
23502,00162636
27791,07307131
10275,01758622
25052,07556770
9766,OC307212
9698,SO300380
7128,02384046
9483,02049511
7129,03782929
24672,00552582
10893,01713728
7131,08246423
21972,02261235
7132,03393851
22196,04347790
17093,04018003
27748,08630592
7133,04130988
25869,06569580
24172,01179102
17709,01100323
22270,02630764
22922,01616977
7135,03643194
23538,01035594
18269,00203852
10031,00240822
27320,02862209
17088,NI009719
10800,03314066
16649,01464224
18197,03639165
16802,00664770
9084,05001368
7136,04934534
9709,01649776
10881,01435461
8529,05577857
9067,02862479
10298,02685146
25905,SC172470
18501,SC226712
26582,03982958
7137,08428265
22925,SC013655
7138,08949175
26525,08295507
16688,02506615
27964,SC076552
8530,SC041252
17333,SC195444
16776,08747100
10233,03668383
8710,09020390
9336,00303703
7139,02360038
8875,10504732
25280,04280519
21453,08929371
7140,05754547
21310,06135829
18769,06020370
9261,04606950
7141,01673704
7142,00029559
7143,02822203
7144,02215654
7144,09512739
7145,04112016
22926,03820849
17804,00445520
21726,00941995
9628,01774003
10574,02228475
10095,04191122
7146,01626049
10498,04903360
18814,05276648
10346,01264300
16814,01514453
23917,02733994
24523,06931046
9037,00943935
7151,07145051
8808,01399411
18596,10601860
10447,02174236
18253,03638404
9869,03879023
7150,02081330
24585,03949686
21871,01145372
21101,OC391007
7152,OC340360
10361,OC313398
17311,00953504
10476,03940920
24898,02504167
7153,00196249
9471,09050863
10727,09002747
7155,RC000089
10180,03115184
21210,06723714
27206,04457287
7156,01668247
22864,06528491
17168,02949558
7157,02644192
10631,OC345292
27122,01407612
7158,01387437
9307,03782379
9817,01089809
18015,02022858
22876,02001576
21377,07863120
7160,02843581
21071,00214781
7162,OC382284
18584,02671002
26772,01080363
18614,03421745
24464,08320021
18705,03542310
9999,05331512
7163,OC304417
22428,02830998
22928,00618898
7164,00402454
26507,00157267
21561,08987580
21138,04983326
18612,00469608
21115,03746477
10700,01141972
7166,02269053
16894,02196821
7167,09187410
26956,04528405
26953,04793636
21444,04703140
21254,03910203
7171,02808583
22304,02002346
7172,00968729
9020,04228450
28573,04310986
10860,03089060
10367,04418144
7174,03877777
17919,NI038852
27826,NI605619
7176,04922598
18337,OC357077
17789,04466326
28268,09087639
17526,SC138730
16844,OC357078
16707,05470441
21370,03705002
25569,01472269
18199,04578086
18831,02489626
22929,SC223604
7177,SC003487
27718,05210733
22266,06327804
18617,04948078
17169,OC360501
10296,07656429
25629,04379585
17616,08458339
24148,04242557
26281,01738519
22724,07333982
18604,05559627
17170,IP10143R
17471,00507844
21990,02867452
21424,07760510
18998,05002194
7179,10612546
8803,03033654
10883,05676721
17171,03373762
7180,04826684
9562,04168225
21298,04433973
16806,05900853
16804,01716891
18228,06923682
6955,09504990
7182,09505062
22547,02714841
21471,03420356
7185,01435810
28255,01297142
7186,01683985
18824,02820046
27626,07346184
22088,00203669
17413,03147640
9008,02143098
9826,01533774
24238,01590744
10036,06860099
16675,03033333
21952,00686409
17991,00402006
7188,OC311850
7190,00048796
8850,09147885
8531,03194476
24522,02914928
7192,00106884
7193,01393410
17389,06712054
10187,06749498
19017,OC306266
10745,03323436
22630,01638755
18200,04040321
21330,03168607
7194,00184915
9646,00874746
7195,02704138
17711,RS008112
9609,IP00973R
7196,02536231
18016,00350164
16861,00086662
18747,02208285
10188,01962903
7198,04947166
8962,03291389
8890,05300877
22867,03316774
17173,OC321484
18578,01276016
10839,02140985
27051,02418535
22726,04997666
9134,09702342
18220,06455352
24245,FC032309
18096,01766035
17414,03844271
22435,09176675
18201,SC268758
21053,06897074
9813,04824698
10663,02809988
16788,01053499
10226,01471939
25060,01128160
21081,02666470
27445,10871880
9657,00524469
9892,03486599
23452,02814621
17415,00270153
9594,07317156
7202,01908306
25006,02858938
21389,05857605
10532,01915767
18230,OC366256
28029,10543098
10638,08781910
21193,08719810
7204,01555444
22389,OC340922
21056,03097504
21362,01174902
16708,02937203
23943,00191579
22844,RC000117
7206,06991398
21822,00336408
10938,SC221290
10307,08355862
22745,05615547
26528,03734785
17712,02489546
7209,04327611
17182,04383394
8532,04968437
26905,SC017664
18263,00467407
22121,03152737
21411,03280942
17174,01580079
9034,00454826
21078,03940169
10834,SC088490
7211,01341453
21344,00972660
17175,07524755
7212,OC344818
10728,01190238
10799,OC411839
18894,01512421
18724,05404559
21327,01891953
22456,01651777
18153,00087908
17316,00530446
24008,00309019
17176,00950526
18082,07921508
26540,03142495
7213,02494701
21139,01689093
26971,00915392
22647,03561973
9317,03770815
9457,OC323571
9073,06771928
18264,02640337
18284,01211133
21251,06631601
9410,03042024
7215,00520241
22931,06582618
18712,05816917
10612,00819793
7217,02714781
24517,04132704
18726,03391758
17416,03123199
10457,00681537
18615,00333188
7218,OC344742
7219,OC326539
23199,SC001111
17153,02901725
7220,05145017
16946,02442501
24972,06143400
9406,OC310335
23374,07451655
18481,07291374
10927,00000950
17417,FC031116
7902,08391492
22411,00813187
22627,07698837
9763,RS007093
25186,09787753
7222,00103548
9622,05040384
28158,03039046
7223,03876527
8788,00030470
10400,09717350
21914,03874867
17805,01439075
27269,06123106
17177,07195160
27316,SC135440
7225,05684823
7226,02644726
7227,02995525
9670,03020017
16647,OC385143
10528,00560487
10267,11141096
18743,08785941
18548,IP20799R
27070,08106006
27330,02780189
18646,02575781
21365,05858177
7230,FC016009
22416,01328083
17821,04220587
17167,02225727
18644,05855573
22568,04064244
9784,00969262
22764,02973781
17901,08017562
7231,04083914
16976,02788418
7233,SC189364
17888,03045607
10003,00237628
18717,03578103
9164,03110569
23858,01214640
18102,04016625
9899,02898417
26829,00671254
27643,09065980
10643,02063425
19023,09788959
27160,03252690
10366,00708997
26637,03004798
7236,05195191
26376,04143738
7237,03187394
8960,00524868
24605,00792712
9311,02836732
22349,09495671
26951,05590097
21845,10607497
7239,00406711
27514,00649369
7240,00580128
8770,06030201
17353,00296602
9719,00678941
17716,04324081
16862,00759126
10527,01548306
9072,10361298
9207,03815417
28107,03807256
7241,05592636
18071,08309204
7242,04611064
17484,NI006648
24114,NI049695
9131,00990937
8784,IP00525R
23854,03685161
10935,02737396
17684,00465947
7244,00929621
7245,03385619
7249,11052072
7250,11129906
16790,00867626
17178,01936460
7251,05117129
9737,08087551
7252,00946880
7254,03241012
17179,01107779
24076,04013305
17354,02216271
10941,02629062
8694,01393773
24266,08055444
10401,02635489
10709,02059678
8725,08659502
22277,00447327
23631,02937374
10590,02125768
7257,09878920
7256,02554051
7258,07590616
16764,08340090
22000,02873177
8713,07629419
28206,03183918
10362,02281209
17822,04307559
10502,00580471
28166,03969110
7262,07717350
10953,OC307419
23864,03691917
17180,03057810
16765,SC578050
21116,00098677
27859,SC196331
9283,RC000151
7263,01074383
21255,02908444
9229,03941275
21404,NI010644
9147,01091883
17993,04798616
17486,02391457
10435,01065559
10792,06082846
7264,01080251
25066,01168311
8536,01040616
22280,04620624
27722,07139142
17529,03265824
24946,05848071
10283,09339823
23909,04111165
16648,06903951
7267,05135123
9160,00206132
17717,01756362
23468,04667589
18564,08654528
10370,RS007643
26742,00107189
7268,00342798
8830,04373299
23253,00813521
27540,OC307043
18534,10163813
9729,02319386
7272,01315556
27148,06624576
23429,00800471
9757,02958435
10854,SC339123
23797,SC044986
24750,01837492
7273,06709708
24594,08474400
22657,01478292
22638,04675821
21514,02334308
7275,05525931
16980,OC300389
27735,02428180
18556,SC206369
9304,04726084
26431,06312831
8537,09595911
17530,02141256
18622,02743776
27996,04728421
17531,02650590
7296,SC005830
21994,00316151
27081,SC388209
21248,02859789
7281,OC317852
10000,01195803
21418,02815777
26872,05671277
19027,01858644
17183,04616794
7322,00184594
9408,09162741
19028,09203980
10096,03067616
22635,NI025356
9715,00852773
26491,01847748
8539,03456891
28803,06088792
9783,06537773
7287,01024371
17534,00924113
7288,02142070
8931,00051702
8540,02021233
24933,02670127
21162,03230866
10402,01769822
7289,01056774
17719,01295221
16922,00979390
18711,06189407
8541,03457687
22885,05958505
7293,08036012
27965,02312632
18032,04346861
22105,06541251
25550,06665444
7294,SC053773
9629,08670888
24486,07597648
17617,01902154
10538,00432417
10819,01202866
7295,02938988
7372,NI010293
17278,02052212
23906,03929354
25185,05141591
17871,01777183
21287,00467637
9734,SC404391
19032,03140144
10729,03369634
18733,03003995
22847,04639760
27862,02188064
22359,NI014427
7306,01293493
7300,08802601
18822,06842516
22595,02893066
7302,02380043
7301,03834125
25624,02148529
18409,02186392
26257,04863237
22548,02416083
7308,OC303675
22943,02627811
7310,09442207
18285,06760049
7311,09186034
18038,00460938
9725,03794455
18531,01138891
7312,OC322045
9376,01939690
27039,04668140
21815,04380984
25307,01897504
21499,01153094
10211,00395623
8542,01819699
25149,03147628
21339,00991848
21682,02482580
25414,04553750
9681,02711141
18813,04293908
16981,00612799
26531,03951860
24156,07466618
24497,02077752
7313,SC129785
22387,01063766
17009,SC333566
10842,07236769
22858,03721777
7314,01184988
19041,01651261
7315,00023307
8706,02486024
7316,03505161
24404,02531054
28764,04375679
27768,02353649
27767,05071128
24213,09282450
18706,SC211045
23441,01683232
9827,00414098
27254,09938882
21095,08927855
18103,SC177425
9780,04569346
19042,05535029
17347,02569601
19044,03762826
27200,03640526
27687,SC079886
21623,01378777
25420,02387949
19040,00745839
10580,03899848
8944,02280426
21658,NI039068
26749,01336601
9640,03020822
26467,06574767
26468,01095091
6896,02008246
25591,05029900
16985,05298340
17419,00754472
18486,05993481
7319,07105905
7320,OC305357
25856,09023753
22588,01030108
19045,SC436654
17720,SC010975
27156,09969891
9726,02586022
21872,00355559
7325,03701758
7326,01156896
10613,01363137
19046,07047520
25615,SC099182
9659,04916153
9778,01571914
21521,08805834
9854,05651556
10924,03803848
25548,01823605
22097,01229635
9664,01177822
7330,01156193
16766,02151325
22025,06397939
22111,SC307493
16633,02381612
22604,00537161
26206,07204046
8547,00732993
10334,02678750
19048,04293376
9666,04310199
16711,04562711
7333,04201917
9771,00570630
7334,05562053
22676,08079257
25940,07998509
21220,04340383
21753,00221355
17532,08982933
18819,07877845
21291,00504877
7337,02266325
7336,01377658
27804,02669935
10389,02763682
28108,03540129
19050,03871825
25160,04787080
21348,04302563
26434,00294023
17320,00160043
7338,NI059523
9883,04708277
9163,00160251
21288,03226333
8804,02388853
27546,04051222
26402,07434033
27184,02558215
10356,03626868
7340,OC328794
7332,02366777
7341,08696699
10851,01450372
27163,01287461
8538,OC352154
8995,02627406
24679,01959090
9785,00790763
17995,01416097
10858,00751383
7342,00148476
9323,00091335
10861,01126135
22480,02226335
25184,04447763
21364,10484918
10153,07573080
18104,SC014833
22680,02760617
25998,06307742
22342,07530373
28083,IP01099R
23202,03034606
8548,03959649
8726,03213728
7348,06058559
8549,03967525
9746,01212237
27976,07086058
21080,03941136
10710,01718196
26516,03026268
10828,01818170
22946,01762617
23008,01873816
8550,03909548
22081,06705617
10535,07254605
22127,00424854
21190,04384396
17185,00540144
10582,04063744
9087,06930266
10910,03750288
28047,04255974
10965,09535373
18597,08610330
21280,05309847
18888,SC096623
21992,SC359537
7355,01193648
7356,02667012
7357,SC036374
18808,10788801
10660,09692304
25034,01148654
17535,06124750
7359,02382161
25036,05458603
22316,04631608
21350,OC382552
25162,02909193
22952,09826582
21692,06981580
27153,00800907
8552,02562808
10808,05268420
23767,02242511
17187,06732886
21618,01729726
18509,02263092
25556,00021895
22119,00303062
7362,02366949
10320,02226729
7363,00647788
10645,04784367
19053,02100913
26781,03244454
9395,00448274
10730,03299608
18708,09915743
26622,10814201
27670,01517971
8936,00284385
8553,01106729
7365,04126357
18254,06792345
9740,00463083
7366,00147207
7369,00806888
9017,03599896
9343,04425698
10567,SC390117
7370,01410740
26661,03385107
22247,06553923
10680,02320731
23689,05345658
9308,03743194
22274,04916145
10018,SC342923
18731,09286231
10923,NI030990
7373,01377342
25154,03411533
7374,04253504
22759,04002600
7375,03919935
22640,01692513
17771,00942157
18719,00856706
10592,SC293480
17188,07931804
22413,07623161
28333,06737449
10441,07098218
7377,08155362
10260,03251364
22634,01420143
17189,00426792
18202,02593588
19059,07208489
7378,01071904
9025,07140891
7379,08773012
16767,04524355
7380,03250709
9555,02946689
28081,SC342922
27055,06096278
9238,06297061
18897,04486293
8766,00084170
21334,02338274
24931,03057688
7385,01461516
7384,02090005
9379,07742256
9995,OC338685
18695,06191086
27177,10279606
18928,03672650
17996,01168470
28330,01125740
25610,06026637
16987,02697046
24381,02565379
8852,02841234
18964,05975402
26018,01102060
22563,02586308
10824,09631707
21088,00431173
8556,OC300001
8557,08333916
19061,02529939
7389,04611637
24953,03822878
21186,02612105
7392,01288342
7393,07071400
24232,09752439
8558,05444653
18453,00207426
18458,00026538
17425,01589650
8999,07071305
18755,07064312
24536,03885534
27266,08492776
9554,02717522
28092,02163844
22585,07062101
24714,SC149291
19062,SC454431
16988,NF004139
7395,04840874
22421,02878879
10943,02680212
17492,08654028
19063,02519424
7396,06353434
16989,02573100
27406,01153003
7397,04246195
8971,00954730
8560,01040587
22099,03029834
26362,03640289
21529,07012425
9141,00875561
10537,01704440
18698,00548932
9888,05575857
21368,08492819
17190,02462001
28650,02884116
18309,11577650
17191,02890352
10488,04566809
27731,01458897
7399,OC304065
24395,02300692
25299,07329930
7400,00036624
16792,05850869
16924,00052201
7401,02882442
21406,05848642
7402,00874977
8561,10179149
18073,07784342
17423,NI016912
17537,02937460
21169,04450846
17646,02154833
7403,09807241
10785,04193835
7405,01511931
8718,07737802
23467,SC070429
16846,01872622
9203,03225310
17424,00653331
9660,02114287
18574,09878791
23011,04040804
17194,01577018
17195,04499567
9880,04348488
16991,01808624
17327,08604811
18470,08053154
10060,02692139
18455,00867162
18456,00843314
18457,02517230
17817,03898950
18286,01164901
22464,00282893
16706,00693397
7416,07168270
21292,00149328
9680,00706445
26504,03813981
9798,01611077
9046,01341153
7408,06823442
8562,04425339
10838,04081726
26955,02081194
23019,02400530
25519,02208249
18154,01682486
21694,OC308897
10369,SC030186
23018,SC076613
16898,04157398
7410,OC323570
17426,07751778
17538,03656438
16779,03491808
7412,06148029
18562,04171179
25458,05095976
10716,01639747
10182,04459383
16993,02739931
17608,02902416
17647,00772784
22249,09647432
22574,04761511
10731,07078823
17924,00163992
10920,01541168
18778,02918087
28536,04094541
10886,04827716
17539,02267184
21256,03127180
18058,01069133
17688,06447318
9914,04148298
7246,00876127
9875,05432915
7415,SC097840
16994,01198007
19068,05779755
16995,02948536
23360,07775453
17723,FC031853
23960,00201514
7417,02734823
24656,09753615
9464,OC318472
7419,SC324799
17335,03416346
7420,06737476
22953,01448245
22556,AC001827
10841,10491337
26014,AC001485
8981,03725015
23668,07830889
10653,00971479
8720,00549034
17844,OC303640
17648,02974751
25531,06666915
7421,10758692
10474,00367090
9596,00204368
26287,08079020
7422,01405855
28509,04648681
28510,01588612
21434,05369108
17911,07295935
8563,03296899
17108,06489797
7424,IP031138
7425,NI030731
7426,SC157176
16996,IP29199R
8564,04287490
18105,03560611
17428,03999896
17429,02294743
26571,03461815
18019,09111801
26798,09298216
26786,09299713
28173,10490695
24230,01623339
18040,02583215
18828,OC317554
26630,SC067627
16713,01316230
9922,06436347
10122,01836221
21381,08185191
17560,05915974
24225,05416978
27548,04353765
17997,07732053
8565,03699727
8566,00233771
7427,05280415
21491,04676938
7428,07717936
22650,04455059
25500,07068892
23404,00249790
26756,02052152
7430,09741604
16998,00326153
9782,00993638
16816,02616448
16999,05819555
27250,01410123
22960,02769768
10798,FC018156
28362,01973941
17200,00755780
18480,04363098
10414,10389594
17724,OC360255
7433,05535565
22417,00077797
28363,NI030272
16926,02237482
7435,00235446
7436,00191596
27272,03759007
27273,02066011
10690,OC300878
18204,02997655
21336,05805820
28058,08159281
28059,08159308
24850,06501918
18074,00062904
7331,03716458
22244,06411541
8979,00139731
26819,08412477
9762,01437311
9312,01545332
28248,04174493
22553,01085750
21959,07122479
10888,OC306185
16691,08960430
9621,SC616186
7440,01644989
24368,04322806
16899,04006225
18124,05114815
16812,05733761
23351,05840121
9349,05165301
28360,02002609
21843,03887115
17974,07108742
17201,NI034218
7441,NI013563
26212,04732334
18742,OC324170
10711,01180568
17000,01350718
22869,01972029
27860,SC126669
17202,01902009
16834,08473608
7442,02562870
18343,02672435
18311,00748590
8989,00170679
7443,03114528
18300,03758946
21325,03781251
25113,00321643
22168,OC367926
7446,OC304688
17998,SC156834
27692,02400918
9148,05313119
7447,00391957
10905,00353341
17203,01410568
7448,05307204
7449,02182135
17001,03203279
10331,09301324
7450,OC334789
26176,01292956
9422,03877917
17540,02478112
27097,10346611
18550,08548473
7451,10136349
10007,05288567
10337,08670394
26727,FC031563
9300,00329613
28165,09793554
8926,OC372614
9707,02412689
7452,02107821
9613,05803359
22040,04545813
22039,01264514
10616,11090618
23645,FC030006
22861,02114486
21230,00241882
18484,05001866
16781,06968588
21483,OC354233
28326,06276941
18059,02307708
22420,00149772
18545,05410620
21206,05298231
21108,02819125
10411,03757874
23521,02008885
7457,00317886
9244,00070123
16797,00144465
8820,00233721
18206,00872284
8191,05440764
7480,SC259398
28603,SC074212
24974,06938838
8925,04992207
21374,08812566
26486,03797518
27275,01501573
10868,03532885
7459,00836539
17356,01664573
17357,07264678
7461,09040213
7462,02670969
9132,08943488
16666,03795655
17005,04085927
23961,04103039
9755,00198823
8567,08044442
23204,03589208
7464,OC307124
8937,02571313
8811,00954145
7465,02606680
27096,07978111
16768,02819450
7467,02266016
27270,03452689
7468,09310078
9527,04451141
17800,SC001771
7470,04426322
7471,01991018
10853,06601780
26266,06680034
10542,03768267
28034,02473770
10702,09539301
10329,08819328
7472,02415211
17738,08121705
10696,02719704
8738,03707899
7473,09458917
7474,01313016
17206,03113256
10684,06142557
17007,FC027756
27068,06365402
9436,02767596
28364,03424328
9845,OC307600
27785,OC306866
18999,01519749
7477,RS007302
10088,02972325
21971,07556404
22572,00621547
8776,03214980
23032,00873093
18618,00300842
22059,04766716
25218,00544115
21321,SC251886
18294,SC164725
22542,00077180
28750,07650493
9424,OC339470
9934,02979146
17207,02436537
21012,07966594
17431,02512551
23250,02332956
24216,06384307
22888,01293337
27625,03093787
27629,07872025
17323,04196996
10670,06862887
7481,01949160
17725,NI002345
26484,00173768
27738,02543818
21738,01136375
21612,08180760
21899,03442265
17008,02734835
24012,00484077
17209,00691403
21027,00355922
21026,00121799
18205,03341567
17432,SC096624
28599,01409324
24304,00711851
8570,03888792
7483,00534118
21999,SC030017
21492,06472932
16817,01198102
8571,06720528
28639,SC042166
27119,06707821
10787,02974750
17433,02512067
18563,03322324
17583,03565480
28369,02930892
27883,04144492
25646,01503192
9924,08190145
18175,06588689
17211,02534039
7488,06569621
7489,01988606
7490,02100855
9368,06062003
21387,04774365
28161,09903285
17434,04396172
16848,02511598
22963,09243393
7492,01376076
21014,02953405
21912,02481118
17542,02057284
9868,00526832
23751,04000623
10778,03899612
17502,04412652
17488,01032591
18353,00468115
17011,00305907
7494,00553452
18372,00223064
10683,03121752
9216,07360142
18610,01681551
7491,08786702
7495,00291620
17205,03970045
27218,09617427
7496,OC304378
23783,04936146
7497,06610850
16769,02152465
17543,01151216
17726,01873249
17212,00372481
25115,04987929
17014,00980487
8572,00125575
7499,RS007853
22250,04906361
17213,01987538
18779,03196757
10407,NC001123
8573,05523714
7501,OC307742
16704,00550953
23890,02231043
10371,02732546
10902,03879766
7503,00596137
17748,03208093
17727,04770879
7506,03953231
7507,00024511
21316,07318726
22492,NI615931
26702,OC332045
26835,05672094
27304,07633694
18312,03235098
10396,02411719
9559,00502851
16714,01329163
17214,06633687
10310,07893709
10405,03219943
21296,03621315
9696,03460896
7509,01795094
26565,09017603
17215,03824611
16895,04245965
7511,FC022395
7458,03082483
17307,04387136
24029,01548820
17792,03249892
16623,04139456
17767,05106109
25542,02986720
18183,01223938
10348,00685638
26960,00527818
21323,06382509
10351,08528493
21159,04239332
27753,02349996
10540,01247725
17751,02777148
22441,01753134
22220,04868630
22697,01570075
21373,04814871
17999,00194944
21850,00247647
26880,09152405
10364,02020173
7515,01872280
21132,06834650
9597,00831538
18182,01486136
10524,03201490
23619,02670425
8695,03488606
24444,03068625
8845,03920410
7517,04457314
7518,03162309
7519,00057696
16652,00611451
17544,03323081
18561,03414540
27027,06047611
22717,01940208
7520,00040932
28341,04507221
8945,00360632
7521,01320508
10673,02485328
7523,00300002
10734,05605371
21786,04343432
21111,SO300703
7527,02986234
7528,04197529
7529,02122142
23911,04952865
8576,02358344
10220,07582674
25007,02702491
7532,08049710
9814,SO300331
9692,02737188
18775,FC021049
17489,04822245
18090,00583552
10494,02856316
27197,05781593
22738,02043317
21347,05990648
25151,00030209
26177,04377164
17651,03012678
10894,06433023
9838,00556895
16625,00702790
9175,00072539
18034,01578037
22781,00368849
18044,01336844
10736,09635183
27121,00307876
17920,00782546
22945,05893966
9328,09154530
10539,00370559
10345,06319491
17887,03555994
10895,05906780
28580,01852976
16628,OC346320
28649,03266992
17605,01209891
7535,02150950
24969,00975677
23828,02147090
10900,08917100
7536,06974044
16927,01747483
9138,00460129
10340,SC208200
7537,03443013
18500,03912483
7538,05020682
8772,02759609
9968,05507277
7539,11642370
24177,04369949
18356,OC389166
8578,IP02399R
8959,05757208
17218,02067793
7541,SC065527
7542,00156663
10417,SC292262
24257,01439149
18303,01414150
28576,08409650
18506,05020670
21977,00686375
24105,NI006894
17435,NI000068
17547,00192872
7543,00160996
7545,OC310989
7546,06607001
9256,RC000216
22205,07211819
7548,01097772
26370,02580614
10314,01661776
23515,OC348770
7549,NI016051
21889,01215183
26473,08409608
9345,00597994
21223,02600319
10594,02674947
18511,04165918
7551,00436243
18565,00719446
24428,00603238
22625,01354077
27812,04161207
8877,OC301825
26505,03910672
22733,01617719
22558,08998652
8727,00533033
9712,04680562
9451,08815102
16665,03635461
27547,11738373
10561,02348986
9851,OC355922
26509,01402808
22305,05300988
16794,SC088770
9570,SC067339
21140,07019837
24919,00916661
9955,05557934
8580,00671474
7554,OC314079
18872,06876210
24653,04202304
7556,01478385
7557,04257011
25027,00530623
7558,00479786
21099,NI026872
25868,04414510
7560,03428037
7562,01630491
7563,01082975
7564,05660638
7565,02210686
21141,00446633
7569,OC407254
22642,01577740
10212,00806269
7570,10268613
19003,01102096
10837,02489026
18805,03755106
24583,00390216
23346,02898822
17217,06872427
21077,08303007
9496,01693250
10225,04515115
22763,06867406
9560,OC343361
17017,02199217
21650,05268170
9908,IP22981R
7578,02648297
24684,03289418
7579,00857969
21490,02465436
10360,01404481
21378,06217640
27255,OC391969
28839,11550760
7580,06660388
10071,09019450
10068,08612206
7581,10686681
21810,05149872
9786,06439246
7582,OC361417
21237,00201929
24996,00067025
25647,00526923
22216,00645367
27634,02463540
22225,05598207
21973,00924542
7586,03539665
24487,01917956
7587,00617987
26836,04536402
10442,09378067
18120,09472954
21988,04295981
18434,03337373
21882,02121160
7590,05997601
22999,06285977
21164,03027133
9432,00695682
10047,OC358642
22182,04032392
7593,01409925
17360,SC327869
23715,01158987
10737,00974568
16900,06413361
7595,03969379
8581,01729478
8582,01071754
26778,02865967
28586,03885486
18114,03484910
18288,02016581
9630,02506633
21086,00672234
16896,02941889
8729,03946707
9412,IP18195R
17549,04019282
17491,02286591
22622,SC059688
18041,03069889
21229,05403136
7596,05563206
10608,04493409
7597,OC310282
22573,02667340
7598,02937398
25516,00213405
19862,02636775
27040,00862342
27044,00598988
10016,05446560
22445,03456018
17551,08075326
21198,00739567
7600,00494505
27187,06833157
27102,01441284
10738,09760850
7602,00608198
21718,04552753
21488,02130447
22189,01107406
25580,03520993
7603,04991181
10026,07837160
7605,04663024
10657,00986305
28386,11543244
18969,02472635
22259,05509182
7606,02143366
7607,00322137
18707,SC368538
7609,05657369
10203,03829536
10282,06539986
18207,04188491
25989,04696839
22483,03441816
10029,01401155
27628,02265899
21382,04867822
7611,04677092
27061,02228238
7612,FC031187
17020,01986283
10836,02763049
10873,04308393
7614,02678296
7615,01442096
7617,06803008
7618,02651349
27094,00269255
26454,00713735
22571,04833052
10739,00714275
17552,06892954
8705,09712169
7619,06511961
7620,03236483
18355,00218019
10577,07469777
23629,00421257
24326,01860181
18078,04771503
27911,03108526
7621,00609782
18000,01465019
8583,03695690
27554,09178013
7623,04221767
10042,07606577
16774,07268373
9855,07320345
27988,07148379
9299,00548648
28349,09643131
21320,06475914
8887,09237894
22098,03277022
7624,04386504
7625,02435678
19877,03534631
19881,03623664
7627,07166617
8714,08167181
7628,08860726
9021,07728908
9039,04320853
25416,00643672
7631,01609968
27294,07315745
24867,05578428
9437,04620480
22603,07101280
9878,05482990
8923,04886072
21478,03620018
8799,04007092
19006,06420662
21151,01954947
10045,07226521
18701,08896825
9775,02579852
28053,SC107074
10614,00638315
26545,03421543
7854,02685515
26588,01324925
22711,07780133
8715,RC000261
9290,RC000263
7634,07528526
8990,FC031762
18818,04933374
22457,02480354
21100,06703689
7635,03193182
17683,03147164
25862,03727592
8704,07195844
27877,06596913
22723,02957627
18487,03958217
18586,01862322
10617,04098445
16751,03082906
7638,01938625
7639,02989838
7640,05134420
7641,00162988
26291,02327504
8739,FC029884
8696,IP01824R
8967,09127533
9792,01144352
9862,06018973
18003,01537086
18106,01908770
7650,02725312
10193,01030986
23567,05266443
10477,00088456
8585,04267576
7637,03795352
10806,00946942
17219,03753969
21176,05616586
24363,05507863
8586,03685527
17902,SC040036
21171,02036094
7646,00489604
24936,02392609
22735,03633621
23000,02122340
10820,04803377
23836,04088050
23779,01653765
10818,06751069
7647,03745726
17784,06836280
26459,05690081
8854,06295385
7648,OC343897
7649,10081578
10790,01832141
25242,01659837
10452,00463951
10216,04953827
21258,07425398
23487,08687765
28216,02584446
26514,02098168
26530,08030211
17118,03286342
8780,04967001
17925,00559693
10934,07493527
18473,OC376452
21178,00529807
17624,03185783
7651,02937886
28370,00345088
17445,00492042
16966,02692601
9911,SC335080
26476,SC540426
21380,01222186
7672,02870713
17022,06778819
17023,03504842
9458,02594504
24214,09090198
17894,04714729
8587,06477691
23972,05811364
10304,07338029
10344,08435139
7654,00218384
28387,09433287
7655,00030226
17652,00506170
22214,SC010528
9418,SC007139
9372,00211475
21391,01022295
27742,00140269
7656,SC374831
10509,SC022553
17604,SC005832
10705,00065619
7657,02712341
21905,NI005922
22102,00176600
9327,06211806
10472,01027904
10741,01679424
21266,01824515
17845,02262299
17025,OC400202
21523,00463864
21319,08137487
8612,05573571
22030,01000440
9844,04285339
22036,04433957
25429,01224998
21675,03597175
7659,00564955
7660,01679670
21183,03826975
10742,01888425
21202,00851095
10763,01709784
10353,01978621
10919,06753941
9115,00499622
18873,00837227
18774,03591414
24572,02202265
22597,01097456
17439,00820289
18582,05478152
10600,02216084
7291,02739537
23470,04472486
21142,00393098
22368,01607535
18723,10145036
7662,08278978
27838,02682904
7663,02881024
21643,02330996
8735,01094178
9684,06583787
21152,06233016
24460,00806698
8734,02909409
26982,00273492
28361,SC050397
21155,00167004
21516,01603201
24518,NI003503
7498,NI057921
8589,05975300
7666,00238937
24514,00303301
9054,SC034970
9799,02021685
7668,SC006905
21261,02175750
7671,00033774
17631,00464645
10263,00616324
8728,SC015382
21192,R0000447
21214,02343739
7669,00641132
8904,SC036219
7664,02781161
18735,03724865
26486,01618500
10030,01071486
27382,09605688
26777,04609769
28292,SC125434
7652,02084187
8744,00283933
10276,10164829
10448,01944667
26532,02546087
26828,11573611
18787,00577587
9012,00185647
8591,02407547
7673,09610740
18526,04582779
22089,01027936
22077,05660877
18620,03122929
9377,06835843
7653,03168455
18804,00743437
17220,01120330
18601,02931073
22565,05976015
8991,00757192
18725,02674170
24992,02036243
7674,06150195
21395,07550805
27216,10181999
24567,05438939
8592,06947854
10388,08568957
21089,01505158
18803,00557225
22260,03288689
7675,03800923
8701,09420356
9043,02641001
22382,10544581
9685,03792985
7677,03132937
7678,09579188
25121,NI019370
27689,03594381
9831,06635037
9081,SC113505
28383,02438826
10074,RS007529
17653,06822177
8929,08312502
21322,04985952
10682,02237833
24120,03202866
21739,03012772
7680,08485608
10339,02833215
23894,02625909
26534,06542895
8915,05180783
18029,03632121
7681,02150618
17422,02407242
22001,06997035
18134,08715491
25582,06433768
7683,02366627
7684,02442580
27159,00485692
9425,00645125
23004,03547354
7686,01936035
10492,01274344
22732,02880543
25537,05819317
17735,03425094
7688,OC353214
26294,08246810
10350,SC141654
10531,00967403
7690,OC321124
23005,07949369
8593,07090521
21501,04909202
21991,02238320
18727,10625350
7693,03809903
21781,NI617517
25421,NI021988
22479,08548351
21187,04415807
7694,02708030
24906,02127112
21211,01272745
9998,OC325132
17393,00863383
28163,05964664
10596,05393844
24949,07466536
9024,09445745
8594,RC000297
28353,08186721
21096,01481051
9161,01664812
9392,02905130
7700,OC317343
10864,05867235
18853,01401107
27278,05501935
7702,00250446
7703,OC425451
16656,03630117
21072,04680835
18809,01022321
10043,09490753
17654,01926842
10878,FC014475
22478,06231628
18990,02051563
7704,OC305934
22045,05633442
9686,07672659
27052,03974921
9800,03321082
9804,00945580
7707,01948743
21508,00969869
9872,01372978
7711,01132885
28088,00255807
26535,07445548
7712,OC301540
26812,08314505
21094,05661927
9223,01722216
27154,01331860
9007,00968046
26641,08475033
7715,08763570
22751,01747846
21878,02166876
9720,01009184
7717,02150688
21497,02745328
27155,01182857
28240,11800258
9645,04828168
9808,05815706
26767,09632108
22323,01577930
25897,SC014583
9509,01633646
18577,00055513
21855,00809688
27830,03861722
7722,00997221
9003,02521225
17655,05646718
7726,01477482
8595,11057305
17555,00500574
7729,01202284
21844,04396241
22569,06618138
16849,02892803
7728,04369054
9438,OC301436
22383,03784486
9884,01321615
8596,03498959
10413,09610856
22481,01012631
25988,00531301
17556,01621560
24932,07182544
22224,04292964
7730,02790259
21184,00525667
21221,00254946
24977,05031473
10821,09544704
10311,07176993
22252,00563751
7733,01417162
17558,01732037
9354,00115834
9895,09353172
21224,01597493
21937,02899530
10525,02594928
25986,03196202
8773,02864058
21074,05709148
27740,01015506
17676,02426132
21494,05018441
28251,SC468400
21057,06791604
9217,01835363
7737,OC317120
9842,08934536
25200,02490141
21371,10181885
27062,02547922
7738,10567901
10516,02143888
8597,04056154
9142,01238274
18136,04242416
9877,08379990
10632,04272220
22620,NI031780
10261,04055891
26245,00042342
7739,09023400
21431,03293563
22644,08733836
16630,05912554
25475,02816429
9915,NF003510
21953,FC017929
16747,03231785
17736,03263608
18209,04126127
17026,06569662
17224,04042743
19036,08946381
9648,04783866
21165,03955231
26621,02175448
25220,07383415
17361,IP00141R
22577,01870434
9185,SC213646
27095,01641399
10368,00324340
17657,NI014930
17027,00762318
27975,07579925
22560,05759393
18210,03941727
8598,01236338
18714,02194768
7390,04215303
7742,OC326345
18643,09140802
7743,04792926
18208,00838331
24260,08611798
17667,04239427
10265,08936180
17795,02954692
21181,03165756
9971,06155616
27305,04946019
7745,01400698
18491,06133635
20060,09451374
10316,02409911
10701,00035668
28671,03285547
9009,00083405
25598,03232514
10443,03874907
17855,04234695
26729,00786404
10503,01271767
9118,SC095000
18149,03635428
9974,02764914
10028,00758153
25109,07611628
19020,07487383
21454,OC347294
21113,04690347
25180,08290481
16836,08676704
22693,SC195923
22243,08686920
18788,06474296
9459,05907919
10569,01981941
22570,00781277
17225,SC170072
16866,03732397
18313,07357559
28648,07099556
27820,OC310467
9250,RC000721
9572,01963361
21188,02246348
25046,03403869
21189,03584248
9076,03491213
10014,02128666
10743,07124797
7748,00974438
28587,00070527
7750,RC000330
9258,00986761
7751,07774351
8599,05369106
24327,02075721
25196,01900907
21228,01754121
7753,IP05419R
22750,00925463
9398,02805337
23523,00143470
10433,00111876
7755,03200432
22451,SC491741
22785,SC096849
25651,SC141866
18393,07108602
21425,01719966
25262,01520706
9268,RC000332
10664,01633350
28262,08298795
17658,01011431
8600,01426395
7756,SC008349
10268,08008357
27370,01269006
7757,04558936
10015,08647091
22126,10066569
28174,08842621
18855,05114014
9610,11726027
17659,00051908
21422,SC057943
27203,03459428
27143,00729912
27730,SC126272
7759,10750438
21064,03690830
23366,01789898
9381,02767938
25947,09357365
22399,09356633
26526,01620385
8833,07677007
22022,03987955
25521,00233200
17329,NI012505
17427,NI020172
9002,FC031430
16760,00442696
17236,01555042
21708,01218121
18638,05114893
18259,00936683
10094,02772838
22504,01840005
8601,02960732
22329,01892516
7783,00620024
22192,SC019038
7762,SC247423
21098,02263923
9550,04228706
7763,SC004221
18665,01630389
18107,OC334406
7764,01555925
17740,SC223864
7766,SO300744
24704,SC065126
18554,SC465210
9382,02063302
17028,SC031780
18703,SC055532
9415,SC326355
17739,07101408
21196,07795892
17506,08393840
26500,00493147
26495,07672698
26496,10195411
6970,FC032074
26499,00857789
26498,09843677
26497,06375660
28537,SC371013
28538,05857502
18557,03198823
21226,04330721
16929,02264251
21191,06080706
24959,06433638
16661,03181729
16622,04274143
21203,04446767
21657,02281640
25411,01594599
9212,07091322
9439,01086698
21199,05015714
17029,04785712
7770,NI020042
27048,10046991
27050,10049427
10566,04992401
7772,02486925
18517,07019261
7773,08932139
7775,02570509
17741,05069228
10336,08172396
28203,00448761
22541,01049338
9744,05628117
17226,03841918
17441,02391086
27322,05562647
7777,01264385
28263,06900818
26214,00655104
9738,OC305964
8603,02894161
18248,02677001
21150,04229146
18994,05613060
7259,03135910
9033,01102208
18108,OC306350
18691,01344718
22660,06722095
26261,03114572
9139,02989102
27893,02135730
16719,OC343273
7778,04256886
27757,00572373
7779,01507639
18331,02061177
8604,01235583
26430,03723299
7780,SC174699
27071,01254460
10544,02051461
18063,02051460
24805,00481574
7781,05100353
23993,03384699
17104,OC302228
17742,01507274
8605,00031461
7782,04305487
10426,SC066107
10541,SC013840
10884,05937666
18299,01885084
9639,01040079
19055,05119283
17030,01343397
7785,01422430
9329,RC000862
17915,02609772
10636,03348417
18079,00581091
9048,02387531
18020,02731277
21356,07848318
22865,04243937
9823,02103564
18759,08724662
8606,07272954
7786,05758515
7787,04344402
18697,06851152
9049,02227962
7788,SC028433
17231,02550982
22712,01210027
22122,03140521
9848,05798825
7789,00044701
18445,SC054932
27836,06776700
17031,00419737
22343,03669284
9717,OC303359
7793,06745491
7794,OC308299
18528,04212655
8932,SC369287
9683,02343859
7795,02810264
7796,NI008762
10771,02798634
8834,06622199
7797,08783477
7798,SC039724
28256,03443010
7799,02954206
21153,00933689
25625,07111209
10464,06933023
10898,07487451
10835,01127310
7800,02095237
9282,08715001
25245,02507035
27158,NI635548
24587,02127156
10939,01967717
9702,05377750
25037,01517478
16897,07739307
21084,00430530
25025,02930463
21445,00832117
21396,01421913
7803,SC314901
25302,01241061
25432,01949111
26820,05000418
25954,02149944
8758,03232863
9551,04198824
24578,03296603
28209,09066208
9573,SC005093
17232,00036142
9526,RC000346
20124,02451177
28365,02110690
27172,00431947
7807,01070807
10110,07275637
17692,02582519
9874,00432989
22662,01437478
7808,IP27421R
27815,01243964
21409,07608263
10744,09800044
7809,00980612
21157,09194088
7810,04707500
7811,SC108095
23682,04265426
23302,01430241
7813,01760288
18996,02448457
7814,02472364
21121,00419087
18341,00984275
7815,00820771
22851,06791375
24658,05421542
18948,02386774
9006,08700412
8950,IP30012R
7818,04356933
8963,06691310
7819,SC334096
18598,03870530
8843,01578918
21436,07649422
7821,07516867
10168,06419578
25015,02826284
10075,04975343
9788,IP16337R
21880,03292360
7822,OC306749
26189,10283979
21235,03062718
22873,04156069
26359,05346338
10866,06505388
24712,08393858
9858,01185512
9380,03221602
9580,02027459
25264,02066642
7824,06481234
21426,05244513
22470,04130921
21996,02561389
25606,05651124
18289,01817398
18702,OC326242
9658,02417831
23415,08824607
7825,05134647
26374,02341071
18758,02980957
24501,01240442
7828,03433188
21983,07708618
26372,02309767
9352,02958742
21385,00769014
8777,01509274
10869,02136748
18713,03729130
7830,03030596
28609,01728009
26460,03004377
18886,04403936
17808,OC312897
7832,SC255429
18036,10908413
18835,00172105
22591,02609249
7833,OC326165
7834,02704499
10272,05576852
26797,09520890
7836,00776793
7837,04659625
10459,01475918
23238,07518854
7838,02802325
7839,OC399969
7840,03235904
10928,00892461
24237,01179564
9461,04551498
10248,02072364
7842,SC019230
9801,01949322
7847,05671799
9902,02214224
10390,SC191805
7845,08391144
17233,02282265
9733,09804869
9568,08053234
7849,01203696
7850,07103718
7760,04685959
17743,03100815
18555,06848520
9557,04526463
18991,10622354
7260,09031660
26603,05132545
21414,05169596
18274,07891470
18459,00617078
21093,09764669
21895,02889523
10480,01625479
27179,03902894
21613,00371236
7852,00679848
19000,00026018
28164,06378350
7853,06774308
21485,03874110
9060,06209386
8736,02533342
21349,06014261
10587,03508395
10746,06160943
18490,03945937
22775,04428116
18065,00407552
18580,01163485
8781,SC296339
10707,04042051
7855,01098034
8934,OC312072
23785,08013673
10877,NI012639
23036,03852652
22564,05121723
7857,00891686
7858,01083749
27876,05589050
10747,00286773
7859,04349535
21160,OC352309
27553,03206355
23367,04273754
9405,00521970
27551,00054257
10547,00375854
10825,02672877
7861,00644702
10012,05148519
9598,04530602
7862,06793980
7863,02714555
10624,04131569
9592,00134995
7864,01373876
7865,01950509
7866,00734299
22772,04316950
18549,06231901
21503,00739986
8964,00412787
22648,03482801
9065,01110949
22118,05560602
10703,00793018
27065,02706348
22101,00328020
28033,11552614
17985,01243938
7868,NI004842
10037,07906162
17363,02746209
21417,04610825
17858,06360543
10545,02854310
9976,06019984
22517,07745643
27734,09127578
17034,SC112019
7870,08754715
8737,05742297
7871,02045340
16947,03316088
26883,01534913
7872,01180514
23318,07822538
9122,OC384928
9429,08568879
24516,05256361
8782,00931537
16795,02763367
9378,07485493
17444,04608592
28840,01290912
21218,00176992
7874,SC144082
22658,04172342
26631,SC417296
26632,SC306101
17036,NI053759
16664,03852444
18763,03062853
18290,11493725
10461,00454264
10708,07640786
24165,05821987
9710,01753287
22716,03874320
25253,06131579
22552,07393390
7877,08996352
9330,03913408
18072,00400002
9475,03690299
18935,06836385
7890,00253240
9135,02590560
25129,07413903
21982,02280277
7881,04031152
18001,03213927
7906,AC001526
8897,IP16406R
7883,08489997
22056,01972264
7885,04138218
10065,RC000740
22537,05973612
7886,02722414
18092,06402199
7887,05455577
22756,09887097
25083,07072127
21300,04704135
25971,03247786
22449,01380715
7888,02082996
7876,00814103
7889,04627044
23026,04474600
28198,00794821
18602,02272407
9860,01597194
22271,03891329
9918,02832014
7891,FC032452
16722,04224736
7892,01151561
18354,03584320
8874,02658324
9731,07772140
7895,03614178
10262,02904587
28213,06822299
17564,02077766
10078,00031014
26601,RS007703
9056,04134880
18730,05714010
10879,02565953
16851,04599312
26776,05603625
7897,05810406
7898,04820474
8975,IP30192R
28241,04338966
22071,00486480
10748,10221027
17835,00001350
18139,04279175
27080,01371973
21174,04820501
9333,01579589
18699,06156435
9579,04412362
22535,05158528
26874,05635505
9759,03833617
7903,08980070
9901,00652227
7904,06189822
9830,01490238
7905,01212088
7910,06704614
18497,07888110
22143,02119397
17566,02795958
18992,03606174
17809,NI019697
9678,00066664
9064,09422989
7912,01264184
27633,NI003721
9537,01887016
23400,FC019114
7914,03672188
10254,01448987
17503,01534130
18265,04181436
7247,00980790
9447,01693112
9450,02514418
9748,03003569
9806,02194706
26769,00425188
10674,02634366
7917,08354954
7918,03636168
8610,05879466
27866,06280943
7922,03212661
24366,02509755
7923,09320844
10814,NI007665
7924,03691883
26452,02116088
21172,SE000102
10807,00215668
23766,03527131
26164,02200260
10699,01091369
8611,00405025
7928,05694657
9749,SC001491
10245,02786349
7931,R0000568
7933,NI026041
7934,NI054463
23245,02906593
8763,03476201
8868,00735621
27669,02776907
7935,00053171
7936,00968498
21354,OC359666
17642,00287902
22443,SC275307
28244,08900184
27280,04760441
7938,02366703
9532,04045190
27890,03598292
7939,OC328697
9642,00730865
28052,07645159
9745,00393104
10565,05591382
9732,07548602
21486,05292636
7941,02004967
21435,01948041
18776,04227448
25102,04514250
22495,00279596
24964,08118391
21195,06934120
23321,03653277
7944,10664058
27851,05712621
21250,02641311
18390,03303053
24347,04108244
7946,02223191
7947,06181220
9886,03879526
10024,02665024
7948,03085018
7949,02307625
7950,03403334
18508,00773331
8847,05512996
21087,09773963
25063,07768598
10410,03900676
7953,02264971
27038,05721096
27195,00980822
19004,07831517
22485,09442825
18581,06829860
28214,05398529
9856,06822219
17834,03462696
27884,05836870
7956,07098618
23028,03875000
27667,09374298
25568,05171451
21079,05534412
7957,01298292
21314,02372699
9713,03981143
18591,09263424
10317,07442586
18736,09019817
7958,09584634
18272,OC302585
21353,FC017774
18744,03396362
9754,02654682
7959,01764341
9644,SC029219
28082,SC453328
10301,01808594
22186,SC163254
21329,03130362
22285,08464576
24383,01680071
18314,04447784
7962,05878742
9396,01210694
7964,02700038
17336,01121655
10070,01662822
18585,03912659
24472,04900961
7965,00436591
7966,03683143
9917,07312896
18700,02462858
16808,RS007072
7967,08048224
21240,09736592
25005,03162982
18832,09887275
7968,02557248
7971,IP04475R
17573,01519547
18188,03148093
7970,RC000391
22677,06038906
8615,05047425
18595,08748334
9626,04051797
17620,05531282
10695,01818255
25975,SC161469
22353,06509171
8927,02379290
7973,09200209
9602,03399395
9781,SC139953
7974,08630286
24510,04382246
24507,06874709
10354,03406086
18111,02266684
7977,04179396
17238,02068389
22951,02274745
17466,09098431
27516,06422135
9634,01897751
7978,09121572
21820,02716145
10495,02465499
18180,SC098014
9591,03269504
7980,01317466
9325,OC414172
27799,09983129
27800,06638251
27793,04984787
27792,07489052
27794,02405635
27796,08902636
27802,06494525
17447,OC397443
7981,11173081
9990,01239606
21970,10697097
16932,00147366
17745,03615891
26619,00406954
22341,08725430
25904,08725441
9469,02609884
7983,00661818
24481,06858121
10571,08862063
7984,03877915
17042,05314796
25931,00704320
7989,00775598
10848,03122495
8007,00777937
21245,01058421
18606,00871763
27827,06460106
8029,00237626
21489,06220227
25620,06608537
17856,00825110
27900,07354231
17241,09761378
10889,05310380
9055,03310225
10681,00004197
18344,02904218
9687,02394229
26345,09686165
22862,04088035
27903,04570275
9627,02918303
21279,03155761
21821,03380606
24248,01424400
21828,01174086
9366,01069148
18783,06277416
17567,02607586
9066,OC352463
25011,08462175
25566,09277801
9467,03185938
25428,07289204
18539,02336032
24399,01917566
10603,05258175
16667,01981976
26508,03458440
23031,03940716
7992,02450579
27110,SC061896
23033,05998322
7993,05998327
17337,09697677
18292,03493453
26248,05220157
9704,03232979
9928,00172842
7995,05815806
17449,SC428198
22300,05113447
22141,08152989
8198,03332891
7996,03676827
18301,07741669
17569,03764421
7997,07943258
7998,08963601
7999,00974964
17114,01523121
8000,OC306535
8001,01170719
21135,00574716
23235,02728936
8003,03581541
8618,FC034700
8004,06042225
18212,06816093
8006,01459419
8008,SC233070
10022,03185729
24273,01233997
18359,06928227
22884,02951840
9991,01876136
8619,00053723
26397,01047681
8009,06497115
10712,05965116
10523,02883981
17043,00401507
21448,00823259
26527,08435627
17854,05832065
10679,03371637
8011,02304195
8620,00734421
8012,01702759
10338,01918150
8013,OC311575
8014,02366640
25855,08537590
9045,05706720
22370,08365110
9401,03525651
22427,00721312
17245,05780177
10246,FC034739
23359,01189068
9373,02453541
28057,01928818
9143,09820760
10929,04502267
8622,06548489
26379,08636122
26877,OC319198
27986,04374752
17366,00134396
17570,02089227
22375,02423388
24233,02853841
18112,OC300172
8016,01870414
8017,00981294
18816,04087902
24599,00972286
21262,05245148
8623,01818486
18925,09414700
10816,00770813
18593,04365513
9070,01644241
18080,06316449
26490,06054624
27053,04350276
17452,OC334398
10717,02059336
27076,SC297001
10648,FC034370
26512,07003774
18213,SC126553
17318,03359379
24068,07582662
17045,04343841
8018,08885072
10563,00082419
16930,00148545
18829,01867610
8019,00222234
10804,03104505
8020,01735454
10849,02147266
21337,00571334
16724,03619145
17571,00446897
23867,02809975
10959,00529086
27696,07074888
8021,NI041410
10954,11606773
23759,00129370
26187,01016269
9647,01325614
10803,03603234
16933,00255476
9824,02548628
10412,00288046
27656,02191240
21487,00774599
27295,03217853
9742,08044368
18811,04642496
24033,10296277
9113,OC303330
17861,02604517
17310,03889552
24034,00392619
22567,04240859
26024,02246643
8023,OC333653
18877,04080435
25924,09425434
18177,04108548
24239,02622111
21774,09115780
8712,09130140
10039,01072921
18293,01056008
8026,01461218
22190,04397197
18807,05997144
9724,11692569
17046,SC121368
8028,03279013
27169,08438686
8624,IP030637
10833,01675790
26290,08752809
26907,05119734
17047,03485614
10654,01439694
21439,SC047359
22191,OC343805
8030,02078726
8625,06059130
22217,04740426
10451,02798901
8844,05993256
21227,03098577
22892,05998346
10430,00861097
8031,00685303
8837,07007965
27113,06740579
21338,00124842
25139,00417484
28535,05777854
8626,02515148
10915,03158026
17049,00238470
8032,02536455
17661,01661935
9389,05149376
22469,04862732
9371,02154540
8628,02495645
8034,02215564
28054,01576522
27268,01509382
10073,NI027394
21440,01534161
9152,01564604
8036,09658062
25138,03352071
9321,02110620
27898,03200517
9337,05048716
8038,00772047
9508,04906284
8040,06306664
21331,02706646
9721,05160050
21592,02797766
8041,SC234781
16796,03672117
22414,03096937
8058,06005074
8988,02015200
10181,06337638
18502,06135104
9587,04098721
18750,10674734
21278,05516221
22132,03919682
17622,05734247
8042,OC303525
16934,01566082
8800,00453448
8043,03033634
26546,01535391
8044,09155890
25417,00314886
8045,01026522
18115,05582239
8046,02328824
27537,00829659
17687,00856633
21398,11660688
26429,08738254
25359,05422373
21149,04433255
8047,00618659
22578,04323959
16753,03968273
9463,02653446
8711,06846362
8050,02906614
8051,03117070
9912,03024622
9913,03014564
16887,02371997
8048,05580634
9893,IP28685R
10247,07548789
22050,08718692
8053,03027453
10942,09802689
18317,02872273
21805,09907561
10467,07118000
17051,02781432
8054,SC242550
8055,03042176
18022,01170489
17810,07320006
8056,00668987
8057,01111151
8901,01397169
17126,03896724
18186,01024322
26834,10443326
26432,09178094
18729,07021816
9595,03752645
10639,05781326
8922,06690189
21083,06901463
8059,05460707
8060,00019457
9340,10073775
21985,02413137
10618,07841452
17819,03017503
16777,02858916
8062,04586941
26830,00876004
17249,01721817
27067,03197756
10343,SC346116
22852,06322818
17251,09516131
18782,10836228
21091,04001868
8064,00001812
9240,06775418
21518,07131120
9421,08609138
8065,RC000710
9931,09866981
17250,00060094
22777,05509015
21117,06404270
17326,04005400
10644,OC337278
16668,02694983
17455,04316977
8066,10528961
17898,02366324
17054,00671099
9339,05906053
22080,00497691
26814,00252966
21308,00561428
17257,02218034
18159,08428819
27801,05017828
8067,00229121
8068,03482228
17747,08615796
10722,08260702
22044,01585669
8069,02573819
22239,05498655
8127,04655675
22659,01491097
19016,05889629
28099,08572925
8070,06043039
18448,03045495
10791,02992795
17395,01010230
8072,01753882
8073,03140769
16655,01070731
9569,04849594
9747,01000403
17256,00308273
22227,00588569
8074,03505831
18214,00406809
22719,07316555
22718,07399345
17796,01226337
17456,06262884
21357,00082548
28597,NI015561
8077,04666282
16824,02699638
22583,08159409
10576,02770940
21443,04791094
8630,06270876
10184,07344884
17457,02951661
18761,09264558
17264,SC180976
21070,00665376
17055,04257461
21766,03120645
8081,04710622
8082,08397584
10554,03914762
8860,06926381
8083,03120010
9099,04281782
8079,11410282
9997,05415757
8084,02877315
17396,07630662
10607,00963087
8699,OC303620
17576,06903140
18118,09893219
8085,04341532
9208,01063450
8086,IP031240
9251,01791760
18135,03117150
22881,01990614
22494,NI044110
8096,05488515
16726,00722004
10556,02655347
8951,02746616
17252,06750854
17749,09457025
28207,FC032099
17797,01120384
21106,05882395
17056,00290604
8088,00082932
9612,04586709
8865,01589961
10753,SC077438
8089,01106260
8090,00249688
9350,01210595
8631,05393279
17076,00825828
10093,07898268
21470,02863553
21061,08798205
8091,11300921
8092,01617971
8700,SC030343
17057,05169780
22473,04965155
9446,00653648
22096,08838504
22632,03981256
21265,05696250
10322,00434724
8093,02955734
8094,OC317402
22482,01502259
27118,09373430
8880,03284871
17272,01179968
16669,03632492
8098,05385882
8099,00222915
21962,00315760
9812,04296795
26506,03484692
28334,OC380935
26557,05230353
28208,01847615
22076,04985069
9805,00720944
10478,02869014
16863,OC309402
10755,06426485
17313,11584930
9926,04526207
17913,00572008
10865,05576465
8103,00719885
8104,04035248
8632,03731570
17128,00636095
17577,03190863
21238,01869298
8740,SC028565
28264,04943656
8106,01749877
27300,02915858
17160,SC013418
9743,07394406
18637,00227266
9119,02087139
21468,01812213
8108,SC060077
18043,03956083
8107,01735075
18413,01437928
17397,01067101
17086,02767941
9493,03277921
9739,00100674
28063,03312220
16798,00872110
27515,00972252
17260,00518594
17811,02436481
21236,02207729
10519,00539607
8112,01216941
8111,08904664
17579,03522604
8952,01003142
10432,03291151
9342,08167130
18275,04556499
27170,06689316
8115,SC177939
18540,05338907
9452,02874696
8116,01442187
27093,02393175
9036,06127279
9150,00578327
22452,05291694
8634,02790915
9847,06658063
21430,01072854
18233,03570702
8075,SC045551
8119,RC000456
10933,RC000487
8122,AC000246
10004,08680755
9285,RC000532
8473,OC361361
18023,00256574
8125,02578443
9462,02087786
9369,06711794
8953,02339826
17059,03761340
9624,05924823
9614,04966967
9882,02558971
17669,01700991
10470,00166447
10359,03508897
21888,01352763
9650,OC305288
19058,IP27981R
8839,02858400
8128,02790818
16826,04016333
18608,05207393
17398,00178738
17691,02086230
27987,03258089
8129,02867432
9361,03666780
27315,04328552
17263,03517613
18066,SC120673
18494,03002645
17368,05818940
17348,01019474
17060,01583757
8130,01884237
8131,04423991
17580,00052099
16645,00687816
17061,01859428
16915,04555691
9214,00156737
8132,05747720
16876,03644452
9616,02387080
18859,10974661
8135,07920155
8693,07638220
18053,04198899
8637,FC031721
16827,01190039
19005,OC415438
18067,02344610
26485,01426887
9490,08804263
8136,02231246
9303,01017514
18276,03947832
26969,01335211
17062,01218445
9013,03279730
21065,03291592
9793,10645816
26773,02921283
18004,00074096
27871,02605817
17265,02020414
26513,01217165
9094,03086621
17606,03116767
18751,08520776
8840,05972910
8142,03235830
8143,10098756
16639,03760267
16854,00980142
21392,02248870
9866,08700698
17330,03144067
8638,OC329859
17121,02949913
7812,01316437
9651,10499457
17064,02202838
22849,02170847
8639,02122174
18234,03847737
10772,00579488
22760,02620081
28579,00831017
28578,02173954
17581,02450519
8145,00826179
18771,07120364
17501,02148950
17582,00556493
22576,03462552
8882,00383914
9402,00662746
26405,07697132
8148,00701339
8149,03909886
16901,07048715
17065,SC379625
8889,06536543
10723,02577009
18766,08021929
8151,02513009
9677,SC039434
21306,SC045152
10284,SO303961
10290,01425565
22798,SC141011
10341,00189141
17267,SC262153
22371,SC005453
8154,SC042020
8155,SC132061
8156,00958001
10041,SC294924
8157,SC207004
8158,SC101787
21284,02548299
16870,03006378
16780,01251716
10904,05161289
8747,02675207
16893,06055271
26511,02591188
16670,03527858
17461,07687905
8160,06106237
19039,04084804
21429,00331909
8640,02259954
9676,02585807
21740,07924407
21505,06064259
22501,04586150
8161,00541132
17752,SC346167
8641,01146486
18981,07023586
27832,00297265
21410,08461555
8642,09069216
18216,02303330
7248,01669057
22631,05309114
10083,00167591
28368,03639819
16869,03765319
21264,01032911
21652,07457131
9750,02605313
21467,02729801
17891,08958577
8164,03505859
8165,01002607
16728,06597058
10573,04168336
8166,04636301
8643,00282772
17686,02523629
22204,05131528
9083,02048608
22256,07242636
16937,02641313
10463,09020006
17498,07011445
8842,OC378740
8172,01721262
8644,02366619
17122,00525842
17862,00947360
22767,09670387
10641,00964058
10891,01193985
8175,01999238
8176,OC319029
21260,02171783
17072,08460577
18971,SC520418
21860,04729760
8178,08060689
22488,07685430
9879,00388466
16938,05391089
8179,04513210
18237,03998831
8180,01391731
17271,03570048
8183,SO300895
21122,00653663
8184,00138256
8185,IP16442R
26884,05704320
10552,02968830
10630,10670924
22301,07517842
8186,SC087947
22084,05119257
18369,OC400773
8189,OC374987
8190,04663281
9111,NI001062
18802,01064271
22303,06372830
22626,03319466
22392,10253129
10375,02465263
10319,02180851
22391,00016033
8192,00727817
28022,08612108
10380,03724899
10383,02715385
17314,09358440
9772,03768979
10757,00998314
8193,00226822
22125,03000514
17464,07525259
10019,FC029579
8194,06468227
10302,00117952
28584,10513169
21156,03341900
8196,OC352713
8197,02147887
21388,09619906
8199,05286419
10863,00847721
10555,00153026
10418,01037999
9652,03242331
18737,01342890
22325,02645817
22388,03816616
10061,04866747
17625,09736648
8201,00566823
16634,03450786
18095,05871668
8983,07473012
9095,00784752
26646,04138778
21428,07777261
27711,10977311
8204,00535683
26428,00785646
8205,00943156
22278,03880506
8206,06538090
10269,SC344695
8208,03994598
8778,SC367563
27694,02837911
10079,05618472
9695,06421189
16865,01314601
21112,01352967
26851,02365886
8209,05558259
8955,00324357
8210,04533948
26503,00091566
21179,00962846
21076,04944274
8211,00137013
18024,03485838
17812,06051517
16745,02648720
9487,03062722
9548,01318267
17069,01549201
10550,03596854
8645,03300821
8213,02987170
18086,03990967
18626,01778734
8214,02174990
17903,02109168
26799,02753531
26841,05101442
27046,01555887
21168,09998874
9576,08033357
10444,02767184
16884,03366192
18995,OC327862
10622,02548025
8215,02846429
8216,01299452
8218,09608658
9320,02096520
16732,01454835
21295,04077975
22374,01437998
10422,00874867
26891,03295054
22613,06343600
18365,00053301
16874,04328069
16904,01579718
16778,02679874
10649,06997401
22587,10552443
8884,IP01591R
9832,IP031055
9601,02366670
17070,04963083
8646,04982132
26873,07599308
8220,04295398
8224,IP031411
22447,02660562
10830,02186490
21432,00634226
10048,SC431036
21513,03393853
9988,01056769
8147,01428210
17071,07612649
21699,00208641
8225,02025003
21170,02394603
18568,02431337
21252,03566725
8226,00927680
9561,06740881
8227,06979438
17602,00703962
10259,09072808
18732,07201157
9332,03290610
22038,05245070
8228,00596337
10449,09084066
26875,00470893
17465,05663660
16805,07621282
18825,02204085
8229,06035106
18689,06436047
26474,03720378
18781,04296959
8899,00785998
22581,SC031286
8230,OC325630
27732,08528951
8232,01804186
8233,03110911
8234,OC335584
17274,OC320275
8235,07638893
26382,06373652
8236,SC117119
21776,00676451
18546,03824088
26958,09381613
8237,05735966
8238,04234499
17068,00672274
8961,00349201
9497,02174052
9758,05268636
8247,SC100764
10650,02589750
17586,02255588
8779,00966425
8248,SC286832
8249,05764165
18321,00686996
8250,02263795
9751,00332098
8762,04112423
9038,02431656
8252,01331299
10335,00107021
28336,02235950
22372,00201097
27749,01697123
8254,01883830
16935,03738136
10962,04169969
17863,09206478
10482,00061135
24026,09738102
8258,OC373597
8259,06776973
16734,05366378
27124,SC054090
8260,OC329883
8261,03805979
16617,03719559
21421,01463301
8244,RC000601
9925,06951765
18142,05977277
16735,08687223
18572,00099885
8264,02658501
8771,FC029833
9986,04063158
8266,SC161193
18493,05935581
17921,03998372
8267,03709861
8268,02275441
22559,06987598
17468,SC062092
9491,03165882
17073,03901222
10815,SC273779
18267,04269401
18302,04120482
17074,03647235
17110,03108030
9474,05622016
10328,04316695
9384,08148663
8269,05734547
8271,02291198
17075,06987163
22273,02238115
21257,03073407
8273,02594323
8274,01885117
17469,03166149
9620,04684034
8277,03189630
17587,02368123
10491,00959082
9510,03010238
10797,03363032
17761,00675320
22351,02875114
26396,01470134
9069,08731541
18218,00548296
17614,01674987
10619,00807043
8278,07063562
27663,02006494
9760,09411297
8279,02292621
18295,01565953
17275,01916260
18796,03803995
9867,02447875
9635,03246133
8281,00768587
28612,00069494
10584,06748892
17399,01752881
10625,00123414
26845,04507008
10533,02237772
28350,SC375341
8287,00832994
8288,04499819
22437,03950873
9567,00756681
8290,00509585
16828,00562269
17672,00168966
17866,00868875
8293,01740011
28385,06015644
9314,02710846
10822,09630775
17806,07433794
28124,06387173
8294,02668919
17281,03227061
9539,00098381
16618,03784800
21272,08177711
8650,03383212
21015,02883766
8861,01863311
28103,04303303
17904,00133886
10072,00340508
17309,03957748
16674,01667869
8330,04057938
8733,07318607
9535,IP031041
22877,01661824
9727,03638034
10793,03362860
28064,09554939
21167,03241253
17292,03043304
10759,07105891
21524,06347960
26912,00463530
17626,00616818
17077,02025064
8651,01208137
8295,03289148
21146,05826464
8297,05272339
19043,FC025271
10424,03019950
8298,05957565
8933,02016440
8299,00076535
27182,07705676
21185,01295681
9010,OC322935
8653,00296805
17078,06622104
8300,01380731
17987,02766990
21427,01006630
18709,02160991
27726,07469362
8301,02567667
10027,08898250
18161,06069919
28577,OC302604
17763,05059906
17673,04129617
22276,09909709
8655,02782468
17289,04816673
18623,08442383
10606,08112863
8656,03393836
8304,03263464
10773,01743099
22446,02138407
8306,00703317
16943,02060289
8308,04118370
21215,02796345
19024,05300693
21244,04627477
8310,02186417
22307,02748033
10416,03928202
9495,03909395
8311,00250915
21809,SC362352
17589,04789703
28646,06239196
18126,03582151
17282,04780736
8802,00445790
21309,06141077
8312,02305786
9972,00302461
10238,11550291
9367,00868273
9625,IP17375R
8315,02366661
10227,06666091
18704,00869514
18856,10706477
17151,03804617
17112,05551907
8317,OC352581
26890,02290665
10090,FC014346
10051,00010340
21114,02345397
9027,00006005
27318,07814568
18826,01163954
26675,04508763
27771,03425917
17829,07944160
10926,02201998
18371,02642807
16815,08116706
17905,05702342
7386,00294940
9224,00227590
7434,02719699
17430,02867838
18075,06864339
7512,IP031693
17728,SC062328
7555,04140621
21472,IP25862R
16883,03900677
8318,00245345
7691,01501275
18402,10488990
28199,00531793
7769,SC283168
10553,IP19025R
28331,08863410
7880,03127814
10549,00112955
26547,00171912
10677,00505456
7951,04352737
22663,06418630
8319,09271387
10076,02913491
17371,02699577
9853,02431977
10475,05322278
10529,08586229
26961,06895443
17287,SP2450RS
9769,07547124
8105,IP030938
17261,02161874
17258,01293566
8153,06706464
22731,NI651529
8320,01802101
17083,03508646
8200,05801688
8649,01022506
8325,05536038
21689,00022215
9117,00530051
7007,00146087
21402,02998082
27542,06557400
17305,RS008067
27149,10301555
18537,07123442
17591,RS007522
8719,SC223362
8321,00244751
8322,06091951
21433,01879630
8657,FC021864
9309,01995666
17755,00360922
22639,03308698
26592,SC028747
9741,00235815
21231,00532879
21175,03074026
8324,00174706
21969,10451113
21968,04091535
19001,00573204
18219,00492217
22611,05513039
22543,05310718
10724,00387579
16931,02662632
8658,04010883
18296,03643117
18575,01421337
9636,00990202
8328,SC016360
10017,08741768
8659,00053626
16742,03115253
17918,04841830
8329,00675216
18533,08570225
18089,03556917
10568,02212225
16773,01802721
21040,10866260
21401,02480571
8331,05022675
17284,05648039
22159,05693106
9239,03891836
18374,06058166
18026,01628530
8660,IP28687R
28662,02923252
10446,02450574
27544,00990667
17286,04905253
9516,05054176
10499,03213782
17675,01505380
18249,09818726
17341,02625079
21060,09483417
8662,02243329
10548,04124726
8335,05061181
16678,01722136
9589,06383648
8996,00553535
8336,00057186
22288,02728742
21507,05034988
17764,08451873
9479,02303591
8338,00916634
8337,02299961
9910,00699993
17783,02352348
9643,04843255
8339,03674104
9638,03170433
9108,OC308896
9047,05807599
10882,SC193766
10721,04372081
17124,02365523
17080,03912826
21979,03430877
8341,04831118
16738,02737924
9828,03846791
22474,07599425
18162,02749273
8342,03399634
22839,05983127
26823,05868101
8343,06745516
21259,08506758
10286,01067991
22863,11504751
8817,00972175
8344,01985596
17864,04853546
8345,OC336962
8994,00824821
17372,02769279
8346,01568937
17766,02355933
18485,10566360
22562,08146258
10465,07897267
26966,01796305
21134,03974669
17474,04128850
17081,09536638
10615,IP17133R
8347,01919797
17674,03487308
8349,02683033
27087,06649750
8350,05231558
21902,02271587
10899,05352888
8351,02138263
16886,03142272
18117,01705039
27332,02978875
17865,00291738
9980,OC337852
9697,03930846
10285,01160907
22354,00307579
17288,03011034
8663,SC095237
18048,02499642
22450,04492402
26837,02776516
27328,OC420831
21649,03720346
17370,01668706
17768,02657093
10782,00087249
17769,02170755
8665,00608077
17290,SC032176
10761,03919249
18006,05459713
9355,01332249
18156,SC027900
8354,06468643
18045,00439684
10008,03864648
8356,03224488
9674,02748952
17100,04083397
9209,06917014
8357,03859442
26502,07653064
16882,00961098
17291,05550878
8805,02806007
8358,05573418
17770,10557457
17826,04339626
26831,06937891
10575,03444614
9221,01546400
9219,02035362
9222,01501299
8360,02737300
22161,00209905
18238,02159182
21375,02886891
18240,02832874
22761,07619797
8364,02742081
17594,03480710
17914,02072001
8365,NI649216
8366,06330639
10271,NI022358
8367,02521249
22412,01625575
28402,11047761
8368,02830397
8692,01765701
22561,06969639
16616,SC192044
27222,03038275
18127,03428184
10666,07155448
26832,01590739
27185,06302201
17677,05903714
8369,00041424
17504,01994997
18734,02796628
18119,02163867
26805,01826635
16867,02506007
17084,01683912
17610,09187624
9502,NI605189
22753,NI605353
22454,10684998
10179,00549690
8371,06559020
26479,SC224822
9201,03199160
18810,07324383
19018,00950138
22774,00860235
8375,01167127
8362,RC000631
8377,RC000644
9531,RC000645
8378,RC000648
8815,04740553
8374,06033238
18362,03079282
9293,RC000649
9254,RC000651
8381,RC000652
8382,06023243
8667,00986729
9242,RC000654
8384,RC000656
10210,RC000658
8385,RC000659
9271,RC000661
8386,RC000797
8388,RC000664
8826,RC000665
10781,RC000667
9274,RC000668
8391,RC000669
8393,05078498
8394,RC000671
8395,RC000672
8397,SC148203
8398,RC000678
9275,00977818
8399,RC000679
9837,10469103
8400,00983768
9484,05432142
17476,04368529
27823,02844616
10870,05016028
10957,01933173
10646,SC149799
10872,07018444
8402,03588422
8895,01022786
17089,00517333
17786,04084246
17926,00730577
21219,01124359
10049,05795168
8403,04847763
9488,04594421
16799,05849580
10264,06858428
21173,05861786
21069,00365230
17374,01247768
10855,05438914
17262,08894039
17774,08566216
21154,07541674
10932,07688691
22330,02782532
8405,02590521
19025,07243412
26501,01805156
8406,02558509
17827,00558526
21420,01293674
21016,SC079773
10385,03562487
10384,04087989
17402,06356813
17772,00275607
21913,00135767
9202,01341840
8407,03418970
26644,SC009798
10038,01626563
10892,SC070286
9978,04015584
22068,05689256
22549,01669496
16855,02602824
18028,OC392918
22394,07462140
21194,02776038
8680,07728211
19038,05984855
17090,00066076
8410,08217766
8411,SC085045
26543,NI003708
22173,09498868
19037,SC092026
8412,05741473
23231,07139521
10152,OC337242
9566,FC032902
10228,06517802
9189,00282204
8415,02793780
22275,01283655
8416,02295904
10512,08804424
22085,01849408
19035,01220776
22201,09110951
9165,03448441
9100,01600117
8417,05466033
9101,01873815
19034,02591237
8418,03087587
24680,01070953
18865,03160887
10002,04739786
16746,05210127
18603,05367355
9979,02189907
10236,06603416
22246,01012146
19033,06544254
22197,05933141
8420,05748812
8896,00227691
8708,03865177
10559,RS007544
16944,05812979
9920,02682271
17375,06119036
8422,01833679
28091,00229550
8423,01551970
10678,04142508
21363,01565241
9316,02576295
9411,00158956
18366,04930080
9700,01179305
9305,00514809
8424,09041571
10393,02281044
28048,SC086323
10856,02190944
10720,00496634
26900,02215899
8425,04250960
8426,00481833
21318,03821218
22550,04250061
26993,05982899
21517,02422728
9154,00418878
22551,01932827
18525,00327847
17342,01131530
8709,SC015288
28651,05899173
17680,03985372
8427,00137552
9703,NI000166
17343,00171167
21317,03237591
10518,00295393
22185,05504581
8430,RS007530
9637,05046791
22117,01378601
10832,00818974
17778,00061880
8432,OC338981
18030,SC063233
9186,05246622
8434,04015633
21332,00888236
18857,09927306
21213,00340309
18479,00352437
18843,SC093685
16903,02707042
21760,00425545
9728,IP19225R
8435,00178711
18007,03366976
26747,01434575
16680,00259661
22385,01432090
18223,01004816
8437,02790412
18010,04431046
10811,09134090
8438,11663618
17294,05542221
16913,00428931
21743,09297208
8440,02188844
8684,00610095
9905,01824828
8442,00104194
18738,02642521
27253,04220636
18745,10410232
8443,02263148
17129,01755958
10505,06374235
16942,02872512
8444,NI013845
7444,IP29336R
10658,01100044
17479,SC325435
28128,08300601
16743,07964787
9236,00267687
8445,OC326117
10762,SC002934
21105,03147949
10689,00793416
8446,02711000
27082,03125962
8447,03419514
8448,05852727
17297,04946078
16744,03671447
26542,02937952
8451,04633911
18518,02457125
8452,02366648
21205,03443712
8454,05149939
22207,06432224
27691,03359843
17818,01816587
22324,03007940
9188,06232914
9444,02479672
18297,NI025833
8455,09223384
18489,00475557
27967,02383761
10406,00303523
27204,03912122
17301,00066516
9584,IP26278R
8457,00044394
8903,03967650
10082,03353584
10520,05357857
9218,04995370
18033,02639050
19019,01820489
10217,08284241
21209,08445070
8458,OC312251
9194,01163829
17298,03866672
8459,SC426094
8969,00106725
8461,01514754
8460,04417047
8956,00029423
9547,01869220
27205,03169129
10846,08029529
17299,03848973
21275,05999991
27209,09697390
10783,SC138829
17598,NI018140
8462,02319237
21679,00465899
18444,05269846
9403,05202036
17788,00139599
9326,05299520
9190,01059267
8463,00178605
9035,00026233
17303,OC370220
16921,00365335
10274,00387583
18516,03619027
21137,00116865
22475,08871077
8464,02616280
8465,04212563
18091,02513251
27208,08476364
22471,00853661
18522,08012215
18523,01297497
18236,02119266
16710,01757853
17315,SC612321
28351,00181116
17378,04118020
9870,03015847
10871,02269560
8466,04178808
8467,OC334359
17379,02929097
27545,03527331
8993,08719455
8469,04135363
17094,05435379
8894,OC310991
8472,03579104
8471,OC301149
8881,07441756
8474,IP28654R
8794,00358949
21143,00260082
9617,07704460
16683,02292251
8475,05835570
17304,02071596
8476,00636445
10218,OC317661
10704,SC083339
8686,10118169
22415,05455052
18739,05572129
9843,06523178
28645,09182271
18121,03943678
8478,02041612
22586,02754745
17781,05022388
17127,08514184
8786,NI010853
8687,03831143
27207,08478860
27117,06799478
17306,SC007906
17096,00526954
10510,10489435
8481,01383511
17505,00480127
27882,00504927
18869,06805116
22255,06548649
8483,01869543
10479,00751654
8484,02704051
21286,08198590
10507,06905420
21271,07853042
18441,02051703
8487,SC286421
8488,05046877
26213,08279139
17681,01825037
10481,04404208
18031,09415174
8489,01508951
9404,03818176
17480,00288238
18600,01937745
18471,05306145
9552,01283809
8997,03370524
8493,05200072
21351,OC328382
8688,OC322580
8496,02366682
8676,04498683
10032,02666908
8497,03607311
8498,03751665
8492,05076256
8499,IP030666
18324,02886196
8500,08275588
9241,09148392
22736,10004236
18854,02548297
22860,03749443
18325,03726666
17097,SE000078
10589,06028406
27166,10196807
27165,09905508
21217,04145121
10906,SC075133
8503,08116609
18298,SC069596
17600,06074771
28247,10624955
8907,02714645
24145,09005884
21764,03060232
